-2.64849,-2.59016,-2.53182,-2.47349,-2.41516,-2.35682,-2.29849,-2.24016,-2.18182,-2.12349,-2.06516,-2.00682,-1.94849,-1.89016,-1.83182,-1.77349,-1.71516,-1.65682,-1.59849,-1.54016,-1.48182,-1.42349,-1.36516,-1.30682,-1.24849,-1.19016,-1.13182,-1.07349,-1.01516,-0.956822,-0.898489,-0.840156,-0.781822,-0.723489,-0.665156,-0.606822,-0.548489,-0.490156,-0.431822,-0.373489,-0.315156,-0.256822,-0.198489,-0.140156,-0.0818222,-0.0234889,0.0348444,0.0931778,0.151511,0.209844,0.268178,0.326511,0.384844,0.443178,0.501511,0.559844,0.618178,0.676511,0.734844,0.793178,0.851511,0.909844,0.968178,1.02651,1.08484,1.14318,1.20151,1.25984,1.31818,1.37651,1.43484,1.49318,1.55151,1.60984,1.66818,1.72651,1.78484,1.84318,1.90151,1.95984,2.01818,2.07651,2.13484,2.19318,2.25151,2.30984,2.36818,2.42651,2.48484,2.54318,2.60151,2.65984,2.71818,2.77651,2.83484,2.89318,2.95151,3.00984,3.06818,3.12651,3.18484,3.24318,3.30151,3.35984,3.41818,3.47651,3.53484,3.59318,3.65151,3.70984,3.76818,3.82651,3.88484,3.94318,4.00151,4.05984,
6.12454,6.12454,6.12454,6.12454,6.12454,6.12454,6.07594,6.0188,5.96165,5.90451,5.84737,5.79022,5.73308,5.67594,5.61879,5.56165,5.50451,5.45789,5.41217,5.36646,5.32074,5.27503,5.22931,5.1836,5.13788,5.09217,5.04645,5.00074,4.96627,4.93198,4.89769,4.86341,4.82912,4.79483,4.76055,4.72626,4.69198,4.65769,4.62287,4.57716,4.53145,4.48574,4.44004,4.39433,4.34862,4.30291,4.25534,4.22363,4.21329,4.20858,4.20268,4.19798,4.19325,4.18737,4.17814,4.16507,4.14913,4.13143,4.11292,4.09439,4.07686,4.06037,4.04515,4.03069,4.01667,4.00238,3.98694,3.9701,3.95063,3.92906,3.90801,3.88889,3.87127,3.85452,3.8382,3.82315,3.81009,3.79927,3.7919,3.78582,3.77974,3.77384,3.76781,3.76081,3.7533,3.74454,3.73404,3.722,3.71013,3.69667,3.68046,3.66353,3.64666,3.63707,3.62894,3.62062,3.60195,3.57102,3.55298,3.53655,3.52004,3.50354,3.48705,3.47055,3.45407,3.43764,3.38884,3.26907,3.14929,3.02952,2.90975,2.78998,2.6702,2.55043,1.1767,0.00039639,
2.97585e-05,0.00564206,0.0110319,0.0164217,0.0218115,0.0272013,0.0414873,0.0615309,0.0706673,0.0777119,0.0810144,0.0831912,0.0846254,0.085428,0.0860957,0.0865142,0.0868719,0.0871889,0.0873677,0.0875331,0.0876896,0.0878182,0.087928,0.0880498,0.0881654,0.0882602,0.0883411,0.0884125,0.0885043,0.0885955,0.08868,0.0887613,0.0888405,0.0889713,0.0891003,0.08921,0.0893831,0.089602,0.089805,0.0900311,0.0903331,0.0906677,0.0910262,0.0914129,0.0918345,0.0923579,0.0968204,0.103431,0.112774,0.119944,0.122505,0.124099,0.12514,0.12594,0.12662,0.127187,0.127661,0.128066,0.128397,0.128705,0.128993,0.129273,0.129547,0.129772,0.129987,0.130201,0.130384,0.130553,0.130718,0.130889,0.13107,0.131277,0.131507,0.131804,0.132211,0.132876,0.134573,0.137209,0.142168,0.147379,0.151891,0.156009,0.159812,0.162714,0.165361,0.167627,0.170164,0.173032,0.176638,0.180616,0.185007,0.189205,0.193239,0.197721,0.202921,0.209778,0.21498,0.221311,0.24209,0.270479,0.30781,0.349882,0.392003,0.437961,0.50632,0.632447,1.07433,1.8476,6.14326,9.99623,9.99623,9.99623,9.99623,9.99623,9.99623,9.99623,,,4.26975,0.0952164,

-2.66879,-2.61046,-2.55212,-2.49379,-2.43546,-2.37712,-2.31879,-2.26046,-2.20212,-2.14379,-2.08546,-2.02712,-1.96879,-1.91046,-1.85212,-1.79379,-1.73546,-1.67712,-1.61879,-1.56046,-1.50212,-1.44379,-1.38546,-1.32712,-1.26879,-1.21046,-1.15212,-1.09379,-1.03546,-0.977122,-0.918789,-0.860456,-0.802122,-0.743789,-0.685456,-0.627122,-0.568789,-0.510456,-0.452122,-0.393789,-0.335456,-0.277122,-0.218789,-0.160456,-0.102122,-0.0437889,0.0145444,0.0728778,0.131211,0.189544,0.247878,0.306211,0.364544,0.422878,0.481211,0.539544,0.597878,0.656211,0.714544,0.772878,0.831211,0.889544,0.947878,1.00621,1.06454,1.12288,1.18121,1.23954,1.29788,1.35621,1.41454,1.47288,1.53121,1.58954,1.64788,1.70621,1.76454,1.82288,1.88121,1.93954,1.99788,2.05621,2.11454,2.17288,2.23121,2.28954,2.34788,2.40621,2.46454,2.52288,2.58121,2.63954,2.69788,2.75621,2.81454,2.87288,2.93121,2.98954,3.04788,3.10621,3.16454,3.22288,3.28121,3.33954,3.39788,3.45621,3.51454,3.57288,3.63121,3.68954,3.74788,3.80621,3.86454,3.92288,3.98121,4.03954,
6.12454,6.12454,6.12454,6.12454,6.12454,6.12454,6.09903,6.04188,5.98474,5.9276,5.87045,5.81331,5.75616,5.69902,5.64188,5.58473,5.52759,5.47636,5.43064,5.38493,5.33921,5.2935,5.24778,5.20207,5.15635,5.11064,5.06492,5.0192,4.98012,4.94583,4.91154,4.87726,4.84297,4.80869,4.7744,4.74011,4.70583,4.67154,4.63725,4.59563,4.54992,4.50421,4.4585,4.41279,4.36708,4.32138,4.27567,4.2326,4.21615,4.2109,4.20487,4.19991,4.1952,4.18998,4.18247,4.17077,4.1558,4.1387,4.12045,4.10184,4.08375,4.0669,4.05115,4.0363,4.02237,4.00825,3.9933,3.97715,3.95877,3.93785,3.91634,3.8963,3.87828,3.8612,3.84454,3.82907,3.81508,3.8034,3.79453,3.78822,3.78209,3.77624,3.77028,3.76372,3.75643,3.7482,3.73845,3.727,3.71492,3.70257,3.68716,3.67073,3.65253,3.6404,3.63207,3.62438,3.61154,3.5808,3.55962,3.54321,3.52671,3.51021,3.49371,3.47722,3.46071,3.44431,3.42781,3.31745,3.19768,3.07791,2.95813,2.83836,2.71859,2.59881,2.10005,0.000331208,
3.26912e-05,0.0056609,0.0110507,0.0164405,0.0218303,0.0272201,0.0415574,0.061601,0.0706968,0.0777235,0.081026,0.0831962,0.0846304,0.0854306,0.0860972,0.0865157,0.086873,0.08719,0.0873683,0.0875336,0.0876901,0.0878186,0.0879283,0.0880503,0.0881658,0.0882605,0.0883413,0.0884127,0.0885046,0.0885958,0.0886803,0.0887616,0.0888408,0.0889717,0.0891007,0.0892104,0.0893839,0.0896028,0.0898057,0.0900322,0.0903341,0.0906689,0.0910275,0.0914143,0.0918363,0.0923598,0.0968422,0.103462,0.112808,0.119954,0.122512,0.124103,0.125143,0.125942,0.126622,0.127189,0.127662,0.128067,0.128398,0.128706,0.128994,0.129274,0.129548,0.129773,0.129988,0.130202,0.130385,0.130554,0.130719,0.130889,0.131071,0.131277,0.131508,0.131805,0.132213,0.132879,0.134582,0.137219,0.142187,0.147395,0.151907,0.156023,0.159825,0.162724,0.165369,0.167635,0.170174,0.173044,0.176651,0.180631,0.185023,0.189219,0.193253,0.197737,0.202942,0.209802,0.214992,0.221346,0.242179,0.270603,0.307949,0.35003,0.39215,0.43814,0.506649,0.632974,1.07703,1.85031,6.1613,9.99363,9.99363,9.99363,9.99363,9.99363,9.99363,9.99363,,,4.27199,0.0974488,

-2.69687,-2.63853,-2.5802,-2.52187,-2.46353,-2.4052,-2.34687,-2.28853,-2.2302,-2.17187,-2.11353,-2.0552,-1.99687,-1.93853,-1.8802,-1.82187,-1.76353,-1.7052,-1.64687,-1.58853,-1.5302,-1.47187,-1.41353,-1.3552,-1.29687,-1.23853,-1.1802,-1.12187,-1.06353,-1.0052,-0.946867,-0.888533,-0.8302,-0.771867,-0.713533,-0.6552,-0.596867,-0.538533,-0.4802,-0.421867,-0.363533,-0.3052,-0.246867,-0.188533,-0.1302,-0.0718667,-0.0135333,0.0448,0.103133,0.161467,0.2198,0.278133,0.336467,0.3948,0.453133,0.511467,0.5698,0.628133,0.686467,0.7448,0.803133,0.861467,0.9198,0.978133,1.03647,1.0948,1.15313,1.21147,1.2698,1.32813,1.38647,1.4448,1.50313,1.56147,1.6198,1.67813,1.73647,1.7948,1.85313,1.91147,1.9698,2.02813,2.08647,2.1448,2.20313,2.26147,2.3198,2.37813,2.43647,2.4948,2.55313,2.61147,2.6698,2.72813,2.78647,2.8448,2.90313,2.96147,3.0198,3.07813,3.13647,3.1948,3.25313,3.31147,3.3698,3.42813,3.48647,3.5448,3.60313,3.66147,3.7198,3.77813,3.83647,3.8948,3.95313,4.01147,4.0698,
6.12456,6.12456,6.12456,6.12456,6.12456,6.12456,6.12456,6.07314,6.016,5.95885,5.90171,5.84456,5.78742,5.73028,5.67313,5.61599,5.55885,5.5017,5.45565,5.40993,5.36422,5.3185,5.27279,5.22707,5.18136,5.13564,5.08993,5.04421,4.99887,4.96458,4.9303,4.89601,4.86173,4.82744,4.79315,4.75887,4.72458,4.69029,4.65601,4.62063,4.57492,4.52921,4.4835,4.43779,4.39209,4.34638,4.30067,4.25281,4.22297,4.21294,4.20825,4.20245,4.19774,4.19301,4.18698,4.17761,4.16433,4.14827,4.13055,4.112,4.0935,4.07602,4.0596,4.04442,4.03002,4.01598,4.00167,3.98617,3.96918,3.94965,3.92799,3.90704,3.888,3.87043,3.85369,3.83743,3.82246,3.80954,3.79877,3.79159,3.78552,3.77946,3.77355,3.76751,3.76045,3.75289,3.74409,3.7335,3.72142,3.70955,3.69592,3.67967,3.66265,3.64607,3.63666,3.62856,3.6201,3.60021,3.56983,3.55218,3.53574,3.51923,3.50273,3.48624,3.46974,3.45327,3.43683,3.38296,3.26319,3.14342,3.02365,2.90387,2.7841,2.66433,2.54456,1.06458,0.00103759,
3.28692e-05,0.00567766,0.0110675,0.0164573,0.0218471,0.0272369,0.0416197,0.0616633,0.070723,0.0777337,0.0810363,0.0832007,0.0846349,0.085433,0.0860985,0.086517,0.086874,0.087191,0.0873688,0.0875341,0.0876906,0.087819,0.0879287,0.0880507,0.0881661,0.0882608,0.0883416,0.0884129,0.0885049,0.0885961,0.0886805,0.0887619,0.088841,0.0889722,0.089101,0.0892107,0.0893846,0.0896034,0.0898063,0.0900331,0.0903351,0.0906701,0.0910286,0.0914155,0.0918379,0.0923614,0.0968615,0.10349,0.112838,0.119963,0.122519,0.124106,0.125146,0.125945,0.126624,0.127191,0.127664,0.128069,0.128399,0.128707,0.128995,0.129275,0.129549,0.129774,0.129988,0.130203,0.130385,0.130554,0.130719,0.13089,0.131071,0.131278,0.131509,0.131806,0.132214,0.132881,0.134589,0.137228,0.142204,0.147409,0.151921,0.156035,0.159837,0.162733,0.165376,0.167642,0.170183,0.173054,0.176663,0.180644,0.185036,0.189232,0.193266,0.197752,0.20296,0.209824,0.215003,0.221377,0.242258,0.270713,0.308073,0.350162,0.39228,0.4383,0.506941,0.633443,1.07944,1.85271,6.17734,9.99591,9.99591,9.99591,9.99591,9.99591,9.99591,9.99591,9.99591,,,4.27495,0.100447,

-2.73163,-2.6733,-2.61497,-2.55663,-2.4983,-2.43997,-2.38163,-2.3233,-2.26497,-2.20663,-2.1483,-2.08997,-2.03163,-1.9733,-1.91497,-1.85663,-1.7983,-1.73997,-1.68163,-1.6233,-1.56497,-1.50663,-1.4483,-1.38997,-1.33163,-1.2733,-1.21497,-1.15663,-1.0983,-1.03997,-0.981633,-0.9233,-0.864967,-0.806633,-0.7483,-0.689967,-0.631633,-0.5733,-0.514967,-0.456633,-0.3983,-0.339967,-0.281633,-0.2233,-0.164967,-0.106633,-0.0483,0.0100333,0.0683667,0.1267,0.185033,0.243367,0.3017,0.360033,0.418367,0.4767,0.535033,0.593367,0.6517,0.710033,0.768367,0.8267,0.885033,0.943367,1.0017,1.06003,1.11837,1.1767,1.23503,1.29337,1.3517,1.41003,1.46837,1.5267,1.58503,1.64337,1.7017,1.76003,1.81837,1.8767,1.93503,1.99337,2.0517,2.11003,2.16837,2.2267,2.28503,2.34337,2.4017,2.46003,2.51837,2.5767,2.63503,2.69337,2.7517,2.81003,2.86837,2.9267,2.98503,3.04337,3.1017,3.16003,3.21837,3.2767,3.33503,3.39337,3.4517,3.51003,3.56837,3.6267,3.68503,3.74337,3.8017,3.86003,3.91837,3.9767,4.03503,4.09337,
6.12458,6.12458,6.12458,6.12458,6.12458,6.12458,6.12458,6.11187,6.05472,5.99758,5.94043,5.88329,5.82614,5.769,5.71186,5.65471,5.59757,5.54043,5.48663,5.44091,5.3952,5.34948,5.30377,5.25805,5.21233,5.16662,5.1209,5.07519,5.02947,4.98782,4.95353,4.91925,4.88496,4.85067,4.81639,4.7821,4.74781,4.71353,4.67924,4.64496,4.60589,4.56019,4.51448,4.46877,4.42306,4.37735,4.33164,4.28593,4.23824,4.21861,4.21164,4.20613,4.20096,4.19624,4.19139,4.18437,4.1737,4.15949,4.14263,4.12464,4.10599,4.08775,4.07061,4.05455,4.03963,4.02556,4.01146,3.99675,3.98097,3.96311,3.94274,3.92101,3.90065,3.88224,3.8649,3.84828,3.83248,3.81788,3.80592,3.79605,3.78957,3.7835,3.77758,3.77164,3.76528,3.7581,3.75018,3.74078,3.72982,3.71759,3.70546,3.69091,3.67446,3.65672,3.64225,3.63394,3.62609,3.61664,3.58877,3.56332,3.54691,3.53042,3.51391,3.49741,3.48092,3.46442,3.448,3.43151,3.34436,3.22458,3.10481,2.98504,2.86526,2.74549,2.62572,2.50595,0.327816,0.00177122,
3.97058e-05,0.00570149,0.0110913,0.0164811,0.0218709,0.0272607,0.0417083,0.0617519,0.0707603,0.0777483,0.0810509,0.083207,0.0846412,0.0854363,0.0861003,0.0865188,0.0868754,0.0871924,0.0873696,0.0875348,0.0876913,0.0878194,0.0879292,0.0880512,0.0881665,0.0882612,0.0883419,0.0884132,0.0885053,0.0885964,0.0886809,0.0887622,0.0888414,0.0889728,0.0891015,0.0892112,0.0893856,0.0896044,0.0898072,0.0900344,0.0903364,0.0906716,0.0910302,0.0914172,0.0918403,0.0923637,0.096889,0.10353,0.112881,0.119976,0.122528,0.124111,0.12515,0.125948,0.126626,0.127193,0.127665,0.12807,0.1284,0.128709,0.128996,0.129276,0.12955,0.129775,0.129989,0.130204,0.130386,0.130555,0.13072,0.130891,0.131072,0.131279,0.13151,0.131807,0.132217,0.132884,0.1346,0.137241,0.142228,0.147429,0.151941,0.156051,0.159853,0.162745,0.165386,0.167652,0.170195,0.173069,0.17668,0.180663,0.185056,0.189249,0.193284,0.197772,0.202985,0.209855,0.215018,0.221421,0.242371,0.270871,0.308249,0.35035,0.392466,0.438526,0.507357,0.63411,1.08286,1.85613,6.20016,9.99809,9.99809,9.99809,9.99809,9.99809,9.99809,9.99809,9.99809,9.99809,,,4.27936,0.104895,

-2.77099,-2.71266,-2.65432,-2.59599,-2.53766,-2.47932,-2.42099,-2.36266,-2.30432,-2.24599,-2.18766,-2.12932,-2.07099,-2.01266,-1.95432,-1.89599,-1.83766,-1.77932,-1.72099,-1.66266,-1.60432,-1.54599,-1.48766,-1.42932,-1.37099,-1.31266,-1.25432,-1.19599,-1.13766,-1.07932,-1.02099,-0.962656,-0.904322,-0.845989,-0.787656,-0.729322,-0.670989,-0.612656,-0.554322,-0.495989,-0.437656,-0.379322,-0.320989,-0.262656,-0.204322,-0.145989,-0.0876556,-0.0293222,0.0290111,0.0873444,0.145678,0.204011,0.262344,0.320678,0.379011,0.437344,0.495678,0.554011,0.612344,0.670678,0.729011,0.787344,0.845678,0.904011,0.962344,1.02068,1.07901,1.13734,1.19568,1.25401,1.31234,1.37068,1.42901,1.48734,1.54568,1.60401,1.66234,1.72068,1.77901,1.83734,1.89568,1.95401,2.01234,2.07068,2.12901,2.18734,2.24568,2.30401,2.36234,2.42068,2.47901,2.53734,2.59568,2.65401,2.71234,2.77068,2.82901,2.88734,2.94568,3.00401,3.06234,3.12068,3.17901,3.23734,3.29568,3.35401,3.41234,3.47068,3.52901,3.58734,3.64568,3.70401,3.76234,3.82068,3.87901,3.93734,3.99568,4.05401,
6.12455,6.12455,6.12455,6.12455,6.12455,6.12455,6.12455,6.12455,6.10064,6.04349,5.98635,5.92921,5.87206,5.81492,5.75778,5.70063,5.64349,5.58634,5.5292,5.47765,5.43193,5.38622,5.3405,5.29479,5.24907,5.20335,5.15764,5.11192,5.06621,5.02049,4.98108,4.9468,4.91251,4.87822,4.84394,4.80965,4.77537,4.74108,4.70679,4.67251,4.63822,4.59692,4.55121,4.5055,4.45979,4.41408,4.36837,4.32266,4.27696,4.23331,4.21635,4.21099,4.20503,4.20005,4.19533,4.19016,4.18277,4.17114,4.15627,4.13919,4.12098,4.10236,4.08425,4.06737,4.05157,4.03672,4.02277,4.00866,3.99373,3.97763,3.95933,3.93846,3.91693,3.89681,3.87877,3.86166,3.84498,3.8295,3.81543,3.80372,3.79472,3.78839,3.78227,3.77641,3.77045,3.76391,3.75664,3.74846,3.73874,3.72735,3.71525,3.70293,3.68763,3.67123,3.65305,3.64063,3.63229,3.6246,3.6122,3.5818,3.56008,3.54368,3.52717,3.51067,3.49417,3.47768,3.46118,3.44477,3.42827,3.32083,3.20106,3.08128,2.96151,2.84174,2.72196,2.60219,2.1645,0.000773808,
3.51942e-05,0.00571408,0.0111039,0.0164937,0.0218835,0.0272733,0.0417551,0.0617987,0.07078,0.077756,0.0810586,0.0832104,0.0846446,0.0854381,0.0861013,0.0865198,0.0868761,0.0871931,0.08737,0.0875352,0.0876916,0.0878197,0.0879294,0.0880515,0.0881667,0.0882614,0.0883421,0.0884134,0.0885055,0.0885966,0.0886811,0.0887624,0.0888415,0.0889731,0.0891018,0.0892115,0.0893861,0.0896049,0.0898077,0.0900351,0.0903371,0.0906725,0.091031,0.0914181,0.0918415,0.0923649,0.0969035,0.103551,0.112904,0.119982,0.122533,0.124114,0.125152,0.12595,0.126628,0.127195,0.127666,0.128071,0.128401,0.128709,0.128997,0.129277,0.129551,0.129775,0.12999,0.130204,0.130387,0.130556,0.13072,0.130891,0.131073,0.13128,0.131511,0.131808,0.132218,0.132886,0.134606,0.137247,0.142241,0.147439,0.151951,0.15606,0.15986,0.162751,0.165391,0.167657,0.170201,0.173077,0.176689,0.180673,0.185066,0.189259,0.193294,0.197783,0.202999,0.209871,0.215026,0.221445,0.24243,0.270954,0.308342,0.35045,0.392565,0.438646,0.507577,0.634462,1.08466,1.85794,6.21221,9.99638,9.99638,9.99638,9.99638,9.99638,9.99638,9.99638,9.99638,9.99638,,,4.28558,0.111119,

-2.81556,-2.75722,-2.69889,-2.64056,-2.58222,-2.52389,-2.46556,-2.40722,-2.34889,-2.29056,-2.23222,-2.17389,-2.11556,-2.05722,-1.99889,-1.94056,-1.88222,-1.82389,-1.76556,-1.70722,-1.64889,-1.59056,-1.53222,-1.47389,-1.41556,-1.35722,-1.29889,-1.24056,-1.18222,-1.12389,-1.06556,-1.00722,-0.948889,-0.890556,-0.832222,-0.773889,-0.715556,-0.657222,-0.598889,-0.540556,-0.482222,-0.423889,-0.365556,-0.307222,-0.248889,-0.190556,-0.132222,-0.0738889,-0.0155556,0.0427778,0.101111,0.159444,0.217778,0.276111,0.334444,0.392778,0.451111,0.509444,0.567778,0.626111,0.684444,0.742778,0.801111,0.859444,0.917778,0.976111,1.03444,1.09278,1.15111,1.20944,1.26778,1.32611,1.38444,1.44278,1.50111,1.55944,1.61778,1.67611,1.73444,1.79278,1.85111,1.90944,1.96778,2.02611,2.08444,2.14278,2.20111,2.25944,2.31778,2.37611,2.43444,2.49278,2.55111,2.60944,2.66778,2.72611,2.78444,2.84278,2.90111,2.95944,3.01778,3.07611,3.13444,3.19278,3.25111,3.30944,3.36778,3.42611,3.48444,3.54278,3.60111,3.65944,3.71778,3.77611,3.83444,3.89278,3.95111,4.00944,4.06778,
6.12457,6.12457,6.12457,6.12457,6.12457,6.12457,6.12457,6.12457,6.12457,6.09632,6.03917,5.98203,5.92489,5.86774,5.8106,5.75345,5.69631,5.63917,5.58202,5.52488,5.47419,5.42847,5.38276,5.33704,5.29133,5.24561,5.1999,5.15418,5.10847,5.06275,5.01704,4.97849,4.9442,4.90992,4.87563,4.84135,4.80706,4.77277,4.73849,4.7042,4.66991,4.63563,4.59346,4.54775,4.50204,4.45633,4.41062,4.36492,4.31921,4.2735,4.23141,4.21582,4.21074,4.2046,4.19968,4.19498,4.18968,4.18196,4.17015,4.15502,4.13785,4.11957,4.10096,4.08292,4.06612,4.05045,4.03559,4.0217,4.00756,3.99257,3.97634,3.95781,3.93682,3.91535,3.89543,3.87744,3.86041,3.84379,3.82835,3.81449,3.80292,3.79421,3.78794,3.7818,3.77596,3.76999,3.76339,3.75608,3.74777,3.73796,3.72641,3.71436,3.70196,3.68637,3.66988,3.65164,3.64001,3.6317,3.62402,3.61043,3.57965,3.55883,3.54243,3.52593,3.50942,3.49292,3.47643,3.45993,3.44353,3.42702,3.31177,3.192,3.07223,2.95245,2.83268,2.71291,2.59314,1.99167,0.00165616,
3.78956e-05,0.00573354,0.0111234,0.0165132,0.021903,0.0272928,0.0418275,0.0618711,0.0708104,0.077768,0.0810705,0.0832155,0.0846498,0.0854409,0.0861028,0.0865213,0.0868773,0.0871943,0.0873706,0.0875357,0.0876922,0.0878201,0.0879298,0.0880519,0.088167,0.0882618,0.0883423,0.0884137,0.0885058,0.0885969,0.0886814,0.0887627,0.0888418,0.0889736,0.0891022,0.0892119,0.0893869,0.0896057,0.0898084,0.0900362,0.0903382,0.0906738,0.0910323,0.0914195,0.0918434,0.0923668,0.096926,0.103583,0.112939,0.119993,0.122541,0.124118,0.125156,0.125952,0.12663,0.127197,0.127668,0.128073,0.128402,0.12871,0.128998,0.129278,0.129551,0.129776,0.12999,0.130205,0.130387,0.130556,0.130721,0.130892,0.131073,0.131281,0.131512,0.131809,0.13222,0.132888,0.134615,0.137258,0.14226,0.147456,0.151968,0.156074,0.15987,0.162761,0.165399,0.167665,0.170211,0.173089,0.176703,0.180688,0.185082,0.189273,0.193309,0.1978,0.20302,0.209897,0.215038,0.221481,0.242523,0.271082,0.308486,0.350603,0.39272,0.438831,0.507916,0.635007,1.08746,1.86073,6.23085,9.99437,9.99437,9.99437,9.99437,9.99437,9.99437,9.99437,9.99437,9.99437,9.99437,,,4.29274,0.118278,

-2.86992,-2.81159,-2.75326,-2.69492,-2.63659,-2.57826,-2.51992,-2.46159,-2.40326,-2.34492,-2.28659,-2.22826,-2.16992,-2.11159,-2.05326,-1.99492,-1.93659,-1.87826,-1.81992,-1.76159,-1.70326,-1.64492,-1.58659,-1.52826,-1.46992,-1.41159,-1.35326,-1.29492,-1.23659,-1.17826,-1.11992,-1.06159,-1.00326,-0.944922,-0.886589,-0.828256,-0.769922,-0.711589,-0.653256,-0.594922,-0.536589,-0.478256,-0.419922,-0.361589,-0.303256,-0.244922,-0.186589,-0.128256,-0.0699222,-0.0115889,0.0467444,0.105078,0.163411,0.221744,0.280078,0.338411,0.396744,0.455078,0.513411,0.571744,0.630078,0.688411,0.746744,0.805078,0.863411,0.921744,0.980078,1.03841,1.09674,1.15508,1.21341,1.27174,1.33008,1.38841,1.44674,1.50508,1.56341,1.62174,1.68008,1.73841,1.79674,1.85508,1.91341,1.97174,2.03008,2.08841,2.14674,2.20508,2.26341,2.32174,2.38008,2.43841,2.49674,2.55508,2.61341,2.67174,2.73008,2.78841,2.84674,2.90508,2.96341,3.02174,3.08008,3.13841,3.19674,3.25508,3.31341,3.37174,3.43008,3.48841,3.54674,3.60508,3.66341,3.72174,3.78008,3.83841,3.89674,3.95508,4.01341,4.07174,
6.12454,6.12454,6.12454,6.12454,6.12454,6.12454,6.12454,6.12454,6.12454,6.12454,6.09918,6.04203,5.98489,5.92774,5.8706,5.81346,5.75631,5.69917,5.64202,5.58488,5.52774,5.47647,5.43076,5.38504,5.33933,5.29361,5.2479,5.20218,5.15647,5.11075,5.06504,5.01932,4.98021,4.94592,4.91163,4.87735,4.84306,4.80877,4.77449,4.7402,4.70591,4.67163,4.63734,4.59574,4.55004,4.50433,4.45862,4.41291,4.3672,4.32149,4.27578,4.23267,4.21617,4.21091,4.20488,4.19992,4.19521,4.19,4.1825,4.17081,4.15585,4.13875,4.1205,4.10189,4.08379,4.06695,4.05119,4.03634,4.02241,4.00828,3.99334,3.97719,3.95882,3.93791,3.91639,3.89634,3.87832,3.86124,3.84458,3.82911,3.81511,3.80343,3.79455,3.78824,3.78211,3.77626,3.77029,3.76374,3.75645,3.74823,3.73848,3.72703,3.71495,3.7026,3.68721,3.67077,3.65257,3.64042,3.63209,3.6244,3.6116,3.58089,3.55966,3.54325,3.52675,3.51025,3.49375,3.47726,3.46076,3.44435,3.42785,3.31776,3.19799,3.07821,2.95844,2.83867,2.7189,2.59912,2.10594,0.000121821,
4.08994e-05,0.00575189,0.0111417,0.0165315,0.0219213,0.0273111,0.0418957,0.0619393,0.0708391,0.0777792,0.0810817,0.0832204,0.0846546,0.0854434,0.0861042,0.0865228,0.0868784,0.0871953,0.0873712,0.0875363,0.0876927,0.0878205,0.0879302,0.0880523,0.0881674,0.0882621,0.0883426,0.0884139,0.0885062,0.0885972,0.0886817,0.088763,0.0888421,0.088974,0.0891025,0.0892123,0.0893876,0.0896065,0.0898091,0.0900372,0.0903392,0.090675,0.0910335,0.0914208,0.0918452,0.0923686,0.0969471,0.103613,0.112972,0.120003,0.122548,0.124121,0.125159,0.125955,0.126632,0.127199,0.127669,0.128074,0.128403,0.128711,0.128999,0.129279,0.129552,0.129777,0.129991,0.130206,0.130388,0.130557,0.130722,0.130892,0.131074,0.131281,0.131513,0.13181,0.132221,0.132891,0.134623,0.137267,0.142279,0.147471,0.151983,0.156087,0.15988,0.162771,0.165407,0.167673,0.170221,0.1731,0.176716,0.180703,0.185097,0.189287,0.193323,0.197815,0.20304,0.209921,0.215049,0.221515,0.242609,0.271203,0.308621,0.350748,0.392865,0.439005,0.508236,0.63552,1.09009,1.86336,6.24841,9.99818,9.99818,9.99818,9.99818,9.99818,9.99818,9.99818,9.99818,9.99818,9.99818,9.99818,,,4.29593,0.121493,

-2.93456,-2.87622,-2.81789,-2.75956,-2.70122,-2.64289,-2.58456,-2.52622,-2.46789,-2.40956,-2.35122,-2.29289,-2.23456,-2.17622,-2.11789,-2.05956,-2.00122,-1.94289,-1.88456,-1.82622,-1.76789,-1.70956,-1.65122,-1.59289,-1.53456,-1.47622,-1.41789,-1.35956,-1.30122,-1.24289,-1.18456,-1.12622,-1.06789,-1.00956,-0.951222,-0.892889,-0.834556,-0.776222,-0.717889,-0.659556,-0.601222,-0.542889,-0.484556,-0.426222,-0.367889,-0.309556,-0.251222,-0.192889,-0.134556,-0.0762222,-0.0178889,0.0404444,0.0987778,0.157111,0.215444,0.273778,0.332111,0.390444,0.448778,0.507111,0.565444,0.623778,0.682111,0.740444,0.798778,0.857111,0.915444,0.973778,1.03211,1.09044,1.14878,1.20711,1.26544,1.32378,1.38211,1.44044,1.49878,1.55711,1.61544,1.67378,1.73211,1.79044,1.84878,1.90711,1.96544,2.02378,2.08211,2.14044,2.19878,2.25711,2.31544,2.37378,2.43211,2.49044,2.54878,2.60711,2.66544,2.72378,2.78211,2.84044,2.89878,2.95711,3.01544,3.07378,3.13211,3.19044,3.24878,3.30711,3.36544,3.42378,3.48211,3.54044,3.59878,3.65711,3.71544,3.77378,3.83211,3.89044,3.94878,4.00711,4.06544,4.12378,
6.12457,6.12457,6.12457,6.12457,6.12457,6.12457,6.12457,6.12457,6.12457,6.12457,6.12457,6.10866,6.05151,5.99437,5.93723,5.88008,5.82294,5.7658,5.70865,5.65151,5.59437,5.53722,5.48406,5.43835,5.39263,5.34692,5.3012,5.25549,5.20977,5.16406,5.11834,5.07263,5.02691,4.9859,4.95161,4.91732,4.88304,4.84875,4.81446,4.78018,4.74589,4.7116,4.67732,4.64303,4.60333,4.55762,4.51191,4.4662,4.4205,4.37479,4.32908,4.28337,4.23683,4.21785,4.21146,4.20581,4.2007,4.19598,4.19104,4.18391,4.17297,4.15859,4.14165,4.1236,4.10495,4.08675,4.06969,4.05367,4.0388,4.02476,4.01067,3.99589,3.98002,3.96206,3.94152,3.91985,3.89954,3.88125,3.86398,3.84734,3.83163,3.81716,3.80529,3.79567,3.78923,3.78315,3.77724,3.7713,3.76489,3.75768,3.7497,3.7402,3.72912,3.71692,3.70474,3.68997,3.67355,3.65567,3.64179,3.63347,3.62566,3.61549,3.58678,3.5624,3.54599,3.52949,3.51299,3.49648,3.48,3.46349,3.44708,3.43059,3.33764,3.21787,3.09809,2.97832,2.85855,2.73877,2.619,2.4853,0.199631,0.0015753,
4.62659e-05,0.00576897,0.0111588,0.0165486,0.0219384,0.0273282,0.0419592,0.0620028,0.0708658,0.0777897,0.0810922,0.083225,0.0846592,0.0854458,0.0861056,0.0865241,0.0868794,0.0871963,0.0873717,0.0875367,0.0876932,0.0878208,0.0879305,0.0880527,0.0881677,0.0882624,0.0883428,0.0884141,0.0885065,0.0885975,0.088682,0.0887632,0.0888423,0.0889745,0.0891029,0.0892126,0.0893883,0.0896071,0.0898097,0.0900382,0.0903402,0.0906761,0.0910347,0.0914221,0.0918468,0.0923702,0.0969668,0.103641,0.113002,0.120012,0.122554,0.124125,0.125162,0.125957,0.126634,0.1272,0.127671,0.128075,0.128404,0.128712,0.129,0.129279,0.129553,0.129777,0.129992,0.130206,0.130388,0.130557,0.130722,0.130893,0.131074,0.131282,0.131513,0.131811,0.132223,0.132893,0.134631,0.137276,0.142296,0.147485,0.151997,0.156099,0.15989,0.16278,0.165414,0.16768,0.17023,0.173111,0.176728,0.180717,0.185111,0.1893,0.193337,0.19783,0.203058,0.209943,0.21506,0.221546,0.24269,0.271316,0.308748,0.350882,0.393,0.439168,0.508534,0.635998,1.09254,1.86581,6.26476,9.99389,9.99389,9.99389,9.99389,9.99389,9.99389,9.99389,9.99389,9.99389,9.99389,9.99389,9.99389,9.99389,,,4.2982,0.123765,

-3.00681,-2.94848,-2.89014,-2.83181,-2.77348,-2.71514,-2.65681,-2.59848,-2.54014,-2.48181,-2.42348,-2.36514,-2.30681,-2.24848,-2.19014,-2.13181,-2.07348,-2.01514,-1.95681,-1.89848,-1.84014,-1.78181,-1.72348,-1.66514,-1.60681,-1.54848,-1.49014,-1.43181,-1.37348,-1.31514,-1.25681,-1.19848,-1.14014,-1.08181,-1.02348,-0.965144,-0.906811,-0.848478,-0.790144,-0.731811,-0.673478,-0.615144,-0.556811,-0.498478,-0.440144,-0.381811,-0.323478,-0.265144,-0.206811,-0.148478,-0.0901444,-0.0318111,0.0265222,0.0848556,0.143189,0.201522,0.259856,0.318189,0.376522,0.434856,0.493189,0.551522,0.609856,0.668189,0.726522,0.784856,0.843189,0.901522,0.959856,1.01819,1.07652,1.13486,1.19319,1.25152,1.30986,1.36819,1.42652,1.48486,1.54319,1.60152,1.65986,1.71819,1.77652,1.83486,1.89319,1.95152,2.00986,2.06819,2.12652,2.18486,2.24319,2.30152,2.35986,2.41819,2.47652,2.53486,2.59319,2.65152,2.70986,2.76819,2.82652,2.88486,2.94319,3.00152,3.05986,3.11819,3.17652,3.23486,3.29319,3.35152,3.40986,3.46819,3.52652,3.58486,3.64319,3.70152,3.75986,3.81819,3.87652,3.93486,3.99319,4.05152,4.10986,
6.12454,6.12454,6.12454,6.12454,6.12454,6.12454,6.12454,6.12454,6.12454,6.12454,6.12454,6.12454,6.12454,6.0671,6.00995,5.95281,5.89567,5.83852,5.78138,5.72424,5.66709,5.60995,5.5528,5.49653,5.45081,5.4051,5.35938,5.31367,5.26795,5.22224,5.17652,5.13081,5.08509,5.03938,4.99525,4.96096,4.92667,4.89239,4.8581,4.82381,4.78953,4.75524,4.72095,4.68667,4.65238,4.6158,4.57009,4.52438,4.47867,4.43296,4.38725,4.34154,4.29584,4.24735,4.22154,4.21236,4.20754,4.20196,4.19724,4.19248,4.18612,4.17648,4.16275,4.14642,4.12865,4.11003,4.09161,4.07423,4.05794,4.04285,4.02857,4.0145,4.00007,3.98449,3.96719,3.94745,3.92568,3.90494,3.88607,3.86861,3.85192,3.83578,3.82096,3.80835,3.79768,3.79093,3.78486,3.77885,3.77292,3.76678,3.75969,3.752,3.74304,3.73233,3.72016,3.70825,3.6943,3.67796,3.66076,3.64479,3.63577,3.62774,3.61896,3.59646,3.56727,3.55045,3.53399,3.51749,3.50098,3.4845,3.46799,3.45154,3.43509,3.3703,3.25053,3.13076,3.01098,2.89121,2.77144,2.65166,2.53189,0.822915,0.000131529,
4.77499e-05,0.00577612,0.0111659,0.0165557,0.0219455,0.0273354,0.0419858,0.0620294,0.070877,0.0777941,0.0810966,0.0832269,0.0846611,0.0854468,0.0861061,0.0865246,0.0868798,0.0871968,0.0873719,0.087537,0.0876934,0.087821,0.0879307,0.0880529,0.0881678,0.0882625,0.0883429,0.0884142,0.0885066,0.0885976,0.0886821,0.0887633,0.0888425,0.0889746,0.089103,0.0892128,0.0893886,0.0896074,0.08981,0.0900386,0.0903406,0.0906766,0.0910352,0.0914226,0.0918475,0.0923709,0.0969751,0.103653,0.113015,0.120016,0.122557,0.124126,0.125163,0.125958,0.126635,0.127201,0.127671,0.128076,0.128405,0.128712,0.129,0.12928,0.129553,0.129778,0.129992,0.130207,0.130389,0.130557,0.130722,0.130893,0.131075,0.131282,0.131514,0.131811,0.132224,0.132894,0.134635,0.13728,0.142303,0.147491,0.152003,0.156104,0.159894,0.162783,0.165417,0.167683,0.170233,0.173115,0.176733,0.180722,0.185116,0.189305,0.193342,0.197836,0.203066,0.209952,0.215065,0.22156,0.242724,0.271363,0.308801,0.350939,0.393057,0.439236,0.508659,0.636198,1.09356,1.86684,6.27161,9.99385,9.99385,9.99385,9.99385,9.99385,9.99385,9.99385,9.99385,9.99385,9.99385,9.99385,9.99385,9.99385,9.99385,,,4.29954,0.125082,

-3.0849,-3.02657,-2.96823,-2.9099,-2.85157,-2.79323,-2.7349,-2.67657,-2.61823,-2.5599,-2.50157,-2.44323,-2.3849,-2.32657,-2.26823,-2.2099,-2.15157,-2.09323,-2.0349,-1.97657,-1.91823,-1.8599,-1.80157,-1.74323,-1.6849,-1.62657,-1.56823,-1.5099,-1.45157,-1.39323,-1.3349,-1.27657,-1.21823,-1.1599,-1.10157,-1.04323,-0.9849,-0.926567,-0.868233,-0.8099,-0.751567,-0.693233,-0.6349,-0.576567,-0.518233,-0.4599,-0.401567,-0.343233,-0.2849,-0.226567,-0.168233,-0.1099,-0.0515667,0.00676667,0.0651,0.123433,0.181767,0.2401,0.298433,0.356767,0.4151,0.473433,0.531767,0.5901,0.648433,0.706767,0.7651,0.823433,0.881767,0.9401,0.998433,1.05677,1.1151,1.17343,1.23177,1.2901,1.34843,1.40677,1.4651,1.52343,1.58177,1.6401,1.69843,1.75677,1.8151,1.87343,1.93177,1.9901,2.04843,2.10677,2.1651,2.22343,2.28177,2.3401,2.39843,2.45677,2.5151,2.57343,2.63177,2.6901,2.74843,2.80677,2.8651,2.92343,2.98177,3.0401,3.09843,3.15677,3.2151,3.27343,3.33177,3.3901,3.44843,3.50677,3.5651,3.62343,3.68177,3.7401,3.79843,3.85677,3.9151,3.97343,4.03177,4.0901,
6.12454,6.12454,6.12454,6.12454,6.12454,6.12454,6.12454,6.12454,6.12454,6.12454,6.12454,6.12454,6.12454,6.12454,6.08791,6.03076,5.97362,5.91647,5.85933,5.80219,5.74504,5.6879,5.63076,5.57361,5.51647,5.46746,5.42174,5.37603,5.33031,5.2846,5.23888,5.19317,5.14745,5.10174,5.05602,5.01031,4.97344,4.93916,4.90487,4.87058,4.8363,4.80201,4.76773,4.73344,4.69915,4.66487,4.63058,4.58673,4.54102,4.49531,4.4496,4.4039,4.35819,4.31248,4.26615,4.22772,4.21477,4.21,4.20378,4.19898,4.19429,4.18876,4.18038,4.16821,4.15259,4.1352,4.11682,4.09825,4.08042,4.06369,4.04826,4.03356,4.01962,4.00542,3.99026,3.97384,3.95485,3.93362,3.91229,3.89273,3.87486,3.85799,3.84148,3.82612,3.81267,3.80141,3.79322,3.78707,3.78095,3.77509,3.76909,3.76233,3.75499,3.74644,3.73636,3.72456,3.71261,3.69988,3.68392,3.66726,3.64918,3.6388,3.63056,3.62287,3.60698,3.57609,3.5564,3.54,3.5235,3.50699,3.4905,3.474,3.4575,3.4411,3.41391,3.29414,3.17437,3.05459,2.93482,2.81505,2.69528,2.5755,1.65519,0.000417483,
4.17056e-05,0.0057701,0.0111599,0.0165497,0.0219395,0.0273293,0.0419635,0.062007,0.0708676,0.0777904,0.0810929,0.0832253,0.0846595,0.085446,0.0861057,0.0865242,0.0868794,0.0871964,0.0873717,0.0875368,0.0876933,0.0878208,0.0879306,0.0880528,0.0881677,0.0882624,0.0883428,0.0884141,0.0885065,0.0885975,0.088682,0.0887632,0.0888424,0.0889745,0.0891029,0.0892126,0.0893883,0.0896072,0.0898098,0.0900383,0.0903403,0.0906762,0.0910348,0.0914221,0.0918469,0.0923704,0.0969682,0.103643,0.113005,0.120012,0.122555,0.124125,0.125162,0.125957,0.126634,0.127201,0.127671,0.128075,0.128405,0.128712,0.129,0.129279,0.129553,0.129777,0.129992,0.130206,0.130388,0.130557,0.130722,0.130893,0.131074,0.131282,0.131514,0.131811,0.132223,0.132893,0.134632,0.137277,0.142297,0.147486,0.151998,0.1561,0.15989,0.16278,0.165415,0.167681,0.17023,0.173112,0.176729,0.180718,0.185111,0.1893,0.193337,0.197831,0.20306,0.209944,0.215061,0.221549,0.242695,0.271323,0.308756,0.350891,0.393009,0.439178,0.508554,0.63603,1.0927,1.86597,6.26585,9.99497,9.99497,9.99497,9.99497,9.99497,9.99497,9.99497,9.99497,9.99497,9.99497,9.99497,9.99497,9.99497,9.99497,9.99497,,,4.30062,0.126145,

-3.16734,-3.10901,-3.05068,-2.99234,-2.93401,-2.87568,-2.81734,-2.75901,-2.70068,-2.64234,-2.58401,-2.52568,-2.46734,-2.40901,-2.35068,-2.29234,-2.23401,-2.17568,-2.11734,-2.05901,-2.00068,-1.94234,-1.88401,-1.82568,-1.76734,-1.70901,-1.65068,-1.59234,-1.53401,-1.47568,-1.41734,-1.35901,-1.30068,-1.24234,-1.18401,-1.12568,-1.06734,-1.00901,-0.950678,-0.892344,-0.834011,-0.775678,-0.717344,-0.659011,-0.600678,-0.542344,-0.484011,-0.425678,-0.367344,-0.309011,-0.250678,-0.192344,-0.134011,-0.0756778,-0.0173444,0.0409889,0.0993222,0.157656,0.215989,0.274322,0.332656,0.390989,0.449322,0.507656,0.565989,0.624322,0.682656,0.740989,0.799322,0.857656,0.915989,0.974322,1.03266,1.09099,1.14932,1.20766,1.26599,1.32432,1.38266,1.44099,1.49932,1.55766,1.61599,1.67432,1.73266,1.79099,1.84932,1.90766,1.96599,2.02432,2.08266,2.14099,2.19932,2.25766,2.31599,2.37432,2.43266,2.49099,2.54932,2.60766,2.66599,2.72432,2.78266,2.84099,2.89932,2.95766,3.01599,3.07432,3.13266,3.19099,3.24932,3.30766,3.36599,3.42432,3.48266,3.54099,3.59932,3.65766,3.71599,3.77432,3.83266,3.89099,3.94932,4.00766,4.06599,4.12432,
6.12458,6.12458,6.12458,6.12458,6.12458,6.12458,6.12458,6.12458,6.12458,6.12458,6.12458,6.12458,6.12458,6.12458,6.12458,6.11271,6.05556,5.99841,5.94127,5.88413,5.82698,5.76984,5.7127,5.65555,5.59841,5.54127,5.4873,5.44158,5.39587,5.35015,5.30444,5.25872,5.21301,5.16729,5.12158,5.07586,5.03014,4.98832,4.95404,4.91975,4.88546,4.85118,4.81689,4.7826,4.74832,4.71403,4.67974,4.64546,4.60657,4.56086,4.51515,4.46944,4.42373,4.37802,4.33231,4.2866,4.2386,4.21881,4.21169,4.20621,4.20103,4.19631,4.19148,4.18449,4.17389,4.15971,4.14289,4.12491,4.10627,4.08801,4.07085,4.05478,4.03985,4.02576,4.01166,3.99697,3.98122,3.96339,3.94305,3.92132,3.90094,3.8825,3.86515,3.84852,3.8327,3.81809,3.80609,3.79615,3.78966,3.78359,3.77766,3.77172,3.76538,3.75821,3.7503,3.74094,3.73,3.71776,3.70565,3.69115,3.6747,3.65699,3.64237,3.63407,3.6262,3.6168,3.58929,3.56357,3.54715,3.53066,3.51415,3.49765,3.48117,3.46466,3.44824,3.43175,3.34611,3.22634,3.10657,2.98679,2.86702,2.74725,2.62748,2.5077,0.361353,0.00178703,
4.39619e-05,0.00577236,0.0111622,0.016552,0.0219418,0.0273316,0.0419719,0.0620154,0.0708711,0.0777918,0.0810943,0.0832259,0.0846601,0.0854463,0.0861058,0.0865243,0.0868796,0.0871965,0.0873718,0.0875368,0.0876933,0.0878209,0.0879306,0.0880528,0.0881677,0.0882625,0.0883428,0.0884142,0.0885065,0.0885975,0.088682,0.0887633,0.0888424,0.0889745,0.089103,0.0892127,0.0893884,0.0896073,0.0898098,0.0900384,0.0903404,0.0906764,0.0910349,0.0914223,0.0918471,0.0923706,0.0969708,0.103647,0.113009,0.120014,0.122556,0.124126,0.125162,0.125958,0.126634,0.127201,0.127671,0.128076,0.128405,0.128712,0.129,0.12928,0.129553,0.129777,0.129992,0.130207,0.130389,0.130557,0.130722,0.130893,0.131074,0.131282,0.131514,0.131811,0.132223,0.132894,0.134633,0.137278,0.142299,0.147488,0.152,0.156102,0.159892,0.162781,0.165416,0.167682,0.170232,0.173113,0.176731,0.180719,0.185113,0.189302,0.193339,0.197833,0.203062,0.209947,0.215062,0.221553,0.242706,0.271338,0.308773,0.350909,0.393027,0.4392,0.508594,0.636093,1.09302,1.8663,6.26801,9.99713,9.99713,9.99713,9.99713,9.99713,9.99713,9.99713,9.99713,9.99713,9.99713,9.99713,9.99713,9.99713,9.99713,9.99713,9.99713,9.99713,,,4.30148,0.127014,

-3.25313,-3.1948,-3.13647,-3.07813,-3.0198,-2.96147,-2.90313,-2.8448,-2.78647,-2.72813,-2.6698,-2.61147,-2.55313,-2.4948,-2.43647,-2.37813,-2.3198,-2.26147,-2.20313,-2.1448,-2.08647,-2.02813,-1.9698,-1.91147,-1.85313,-1.7948,-1.73647,-1.67813,-1.6198,-1.56147,-1.50313,-1.4448,-1.38647,-1.32813,-1.2698,-1.21147,-1.15313,-1.0948,-1.03647,-0.978133,-0.9198,-0.861467,-0.803133,-0.7448,-0.686467,-0.628133,-0.5698,-0.511467,-0.453133,-0.3948,-0.336467,-0.278133,-0.2198,-0.161467,-0.103133,-0.0448,0.0135333,0.0718667,0.1302,0.188533,0.246867,0.3052,0.363533,0.421867,0.4802,0.538533,0.596867,0.6552,0.713533,0.771867,0.8302,0.888533,0.946867,1.0052,1.06353,1.12187,1.1802,1.23853,1.29687,1.3552,1.41353,1.47187,1.5302,1.58853,1.64687,1.7052,1.76353,1.82187,1.8802,1.93853,1.99687,2.0552,2.11353,2.17187,2.2302,2.28853,2.34687,2.4052,2.46353,2.52187,2.5802,2.63853,2.69687,2.7552,2.81353,2.87187,2.9302,2.98853,3.04687,3.1052,3.16353,3.22187,3.2802,3.33853,3.39687,3.4552,3.51353,3.57187,3.6302,3.68853,3.74687,3.8052,3.86353,3.92187,3.9802,4.03853,4.09687,
6.12455,6.12455,6.12455,6.12455,6.12455,6.12455,6.12455,6.12455,6.12455,6.12455,6.12455,6.12455,6.12455,6.12455,6.12455,6.12455,6.12455,6.08342,6.02627,5.96913,5.91199,5.85484,5.7977,5.74055,5.68341,5.62627,5.56912,5.51198,5.46387,5.41815,5.37244,5.32672,5.28101,5.23529,5.18958,5.14386,5.09815,5.05243,5.00672,4.97075,4.93646,4.90218,4.86789,4.83361,4.79932,4.76503,4.73075,4.69646,4.66217,4.62789,4.58314,4.53743,4.49172,4.44601,4.40031,4.3546,4.30889,4.2621,4.22575,4.21422,4.20947,4.20334,4.1986,4.1939,4.18827,4.17954,4.16703,4.1513,4.13379,4.11536,4.0968,4.07908,4.06242,4.04709,4.03249,4.0185,4.00428,3.98902,3.97251,3.95327,3.9319,3.91066,3.89129,3.87351,3.85669,3.84025,3.82501,3.8117,3.80061,3.79272,3.7866,3.7805,3.77462,3.76861,3.76176,3.7544,3.74573,3.73549,3.72357,3.71168,3.69868,3.68261,3.66586,3.64824,3.63815,3.62995,3.62203,3.60514,3.57419,3.55512,3.5387,3.5222,3.5057,3.48921,3.47271,3.4562,3.4398,3.40451,3.28473,3.16496,3.04519,2.92541,2.80564,2.68587,2.5661,1.47566,0.000698915,
4.48604e-05,0.00577326,0.0111631,0.0165529,0.0219427,0.0273325,0.0419752,0.0620188,0.0708725,0.0777923,0.0810948,0.0832261,0.0846603,0.0854464,0.0861059,0.0865244,0.0868796,0.0871966,0.0873718,0.0875369,0.0876934,0.0878209,0.0879306,0.0880528,0.0881677,0.0882625,0.0883428,0.0884142,0.0885065,0.0885976,0.088682,0.0887633,0.0888424,0.0889746,0.089103,0.0892127,0.0893885,0.0896073,0.0898099,0.0900384,0.0903404,0.0906764,0.091035,0.0914224,0.0918472,0.0923707,0.0969718,0.103649,0.11301,0.120014,0.122556,0.124126,0.125163,0.125958,0.126634,0.127201,0.127671,0.128076,0.128405,0.128712,0.129,0.12928,0.129553,0.129777,0.129992,0.130207,0.130389,0.130557,0.130722,0.130893,0.131075,0.131282,0.131514,0.131811,0.132224,0.132894,0.134633,0.137279,0.1423,0.147489,0.152001,0.156102,0.159892,0.162782,0.165416,0.167682,0.170232,0.173114,0.176731,0.18072,0.185114,0.189303,0.19334,0.197834,0.203063,0.209948,0.215063,0.221554,0.24271,0.271344,0.308779,0.350916,0.393034,0.439208,0.508609,0.636118,1.09315,1.86643,6.26887,9.99799,9.99799,9.99799,9.99799,9.99799,9.99799,9.99799,9.99799,9.99799,9.99799,9.99799,9.99799,9.99799,9.99799,9.99799,9.99799,9.99799,9.99799,,,4.3022,0.127728,

-3.34126,-3.28292,-3.22459,-3.16626,-3.10792,-3.04959,-2.99126,-2.93292,-2.87459,-2.81626,-2.75792,-2.69959,-2.64126,-2.58292,-2.52459,-2.46626,-2.40792,-2.34959,-2.29126,-2.23292,-2.17459,-2.11626,-2.05792,-1.99959,-1.94126,-1.88292,-1.82459,-1.76626,-1.70792,-1.64959,-1.59126,-1.53292,-1.47459,-1.41626,-1.35792,-1.29959,-1.24126,-1.18292,-1.12459,-1.06626,-1.00792,-0.949589,-0.891256,-0.832922,-0.774589,-0.716256,-0.657922,-0.599589,-0.541256,-0.482922,-0.424589,-0.366256,-0.307922,-0.249589,-0.191256,-0.132922,-0.0745889,-0.0162556,0.0420778,0.100411,0.158744,0.217078,0.275411,0.333744,0.392078,0.450411,0.508744,0.567078,0.625411,0.683744,0.742078,0.800411,0.858744,0.917078,0.975411,1.03374,1.09208,1.15041,1.20874,1.26708,1.32541,1.38374,1.44208,1.50041,1.55874,1.61708,1.67541,1.73374,1.79208,1.85041,1.90874,1.96708,2.02541,2.08374,2.14208,2.20041,2.25874,2.31708,2.37541,2.43374,2.49208,2.55041,2.60874,2.66708,2.72541,2.78374,2.84208,2.90041,2.95874,3.01708,3.07541,3.13374,3.19208,3.25041,3.30874,3.36708,3.42541,3.48374,3.54208,3.60041,3.65874,3.71708,3.77541,3.83374,3.89208,3.95041,4.00874,4.06708,4.12541,
6.12455,6.12455,6.12455,6.12455,6.12455,6.12455,6.12455,6.12455,6.12455,6.12455,6.12455,6.12455,6.12455,6.12455,6.12455,6.12455,6.12455,6.12455,6.11337,6.05622,5.99907,5.94193,5.88479,5.82764,5.7705,5.71335,5.65621,5.59907,5.54192,5.48782,5.44211,5.39639,5.35068,5.30496,5.25925,5.21353,5.16782,5.1221,5.07639,5.03067,4.98872,4.95443,4.92014,4.88586,4.85157,4.81729,4.783,4.74871,4.71443,4.68014,4.64585,4.60709,4.56138,4.51567,4.46997,4.42426,4.37855,4.33284,4.28713,4.23889,4.21896,4.21173,4.20627,4.20108,4.19636,4.19154,4.18458,4.17404,4.15989,4.14309,4.12513,4.10648,4.08822,4.07104,4.05496,4.04002,4.02593,4.01183,3.99715,3.98141,3.96361,3.94331,3.92156,3.90117,3.88271,3.86534,3.84872,3.83288,3.81825,3.80622,3.79623,3.78974,3.78367,3.77773,3.77179,3.76546,3.75829,3.7504,3.74106,3.73015,3.7179,3.7058,3.69134,3.67488,3.6572,3.6425,3.63416,3.62629,3.61692,3.5897,3.56376,3.54734,3.53085,3.51434,3.49784,3.48136,3.46485,3.44843,3.43195,3.3475,3.22772,3.10795,2.98818,2.8684,2.74863,2.62886,2.50909,0.387708,0.000716,
4.32213e-05,0.00577162,0.0111614,0.0165512,0.021941,0.0273309,0.0419691,0.0620127,0.07087,0.0777913,0.0810938,0.0832257,0.0846599,0.0854462,0.0861058,0.0865243,0.0868795,0.0871965,0.0873718,0.0875368,0.0876933,0.0878209,0.0879306,0.0880528,0.0881677,0.0882624,0.0883428,0.0884142,0.0885065,0.0885975,0.088682,0.0887632,0.0888424,0.0889745,0.0891029,0.0892127,0.0893884,0.0896073,0.0898098,0.0900384,0.0903403,0.0906763,0.0910349,0.0914223,0.0918471,0.0923705,0.0969699,0.103646,0.113007,0.120013,0.122555,0.124125,0.125162,0.125958,0.126634,0.127201,0.127671,0.128076,0.128405,0.128712,0.129,0.12928,0.129553,0.129777,0.129992,0.130206,0.130389,0.130557,0.130722,0.130893,0.131074,0.131282,0.131514,0.131811,0.132223,0.132894,0.134633,0.137278,0.142299,0.147487,0.152,0.156101,0.159891,0.162781,0.165415,0.167681,0.170231,0.173113,0.17673,0.180719,0.185113,0.189301,0.193339,0.197832,0.203061,0.209946,0.215062,0.221551,0.242703,0.271333,0.308767,0.350903,0.393021,0.439193,0.508581,0.636072,1.09292,1.86619,6.2673,9.99642,9.99642,9.99642,9.99642,9.99642,9.99642,9.99642,9.99642,9.99642,9.99642,9.99642,9.99642,9.99642,9.99642,9.99642,9.99642,9.99642,9.99642,9.99642,9.99642,,,4.3027,0.128291,

-3.43062,-3.37229,-3.31396,-3.25562,-3.19729,-3.13896,-3.08062,-3.02229,-2.96396,-2.90562,-2.84729,-2.78896,-2.73062,-2.67229,-2.61396,-2.55562,-2.49729,-2.43896,-2.38062,-2.32229,-2.26396,-2.20562,-2.14729,-2.08896,-2.03062,-1.97229,-1.91396,-1.85562,-1.79729,-1.73896,-1.68062,-1.62229,-1.56396,-1.50562,-1.44729,-1.38896,-1.33062,-1.27229,-1.21396,-1.15562,-1.09729,-1.03896,-0.980622,-0.922289,-0.863956,-0.805622,-0.747289,-0.688956,-0.630622,-0.572289,-0.513956,-0.455622,-0.397289,-0.338956,-0.280622,-0.222289,-0.163956,-0.105622,-0.0472889,0.0110444,0.0693778,0.127711,0.186044,0.244378,0.302711,0.361044,0.419378,0.477711,0.536044,0.594378,0.652711,0.711044,0.769378,0.827711,0.886044,0.944378,1.00271,1.06104,1.11938,1.17771,1.23604,1.29438,1.35271,1.41104,1.46938,1.52771,1.58604,1.64438,1.70271,1.76104,1.81938,1.87771,1.93604,1.99438,2.05271,2.11104,2.16938,2.22771,2.28604,2.34438,2.40271,2.46104,2.51938,2.57771,2.63604,2.69438,2.75271,2.81104,2.86938,2.92771,2.98604,3.04438,3.10271,3.16104,3.21938,3.27771,3.33604,3.39438,3.45271,3.51104,3.56938,3.62771,3.68604,3.74438,3.80271,3.86104,3.91938,3.97771,4.03604,4.09438,
6.12454,6.12454,6.12454,6.12454,6.12454,6.12454,6.12454,6.12454,6.12454,6.12454,6.12454,6.12454,6.12454,6.12454,6.12454,6.12454,6.12454,6.12454,6.12454,6.12454,6.08722,6.03007,5.97293,5.91579,5.85864,5.8015,5.74436,5.68721,5.63007,5.57292,5.51578,5.46691,5.42119,5.37548,5.32976,5.28405,5.23833,5.19262,5.1469,5.10119,5.05547,5.00976,4.97303,4.93875,4.90446,4.87017,4.83589,4.8016,4.76731,4.73303,4.69874,4.66445,4.63017,4.58618,4.54047,4.49476,4.44906,4.40335,4.35764,4.31193,4.26553,4.22742,4.21469,4.20992,4.20371,4.19892,4.19423,4.18868,4.18025,4.16803,4.15239,4.13498,4.1166,4.09803,4.08021,4.06349,4.04808,4.0334,4.01945,4.00525,3.99007,3.97364,3.95461,3.93335,3.91204,3.89251,3.87465,3.85779,3.8413,3.82595,3.81252,3.80129,3.79314,3.787,3.78088,3.77501,3.76901,3.76224,3.7549,3.74633,3.73622,3.72441,3.71247,3.6997,3.68372,3.66704,3.64904,3.6387,3.63047,3.62274,3.60669,3.5758,3.55621,3.5398,3.5233,3.50679,3.4903,3.47381,3.4573,3.4409,3.41247,3.2927,3.17293,3.05315,2.93338,2.81361,2.69384,2.57406,1.6277,0.000354554,
4.52445e-05,0.00577364,0.0111635,0.0165533,0.0219431,0.0273329,0.0419766,0.0620202,0.0708731,0.0777925,0.0810951,0.0832262,0.0846604,0.0854465,0.0861059,0.0865244,0.0868796,0.0871966,0.0873718,0.0875369,0.0876934,0.0878209,0.0879306,0.0880528,0.0881677,0.0882625,0.0883428,0.0884142,0.0885065,0.0885976,0.088682,0.0887633,0.0888424,0.0889746,0.089103,0.0892127,0.0893885,0.0896073,0.0898099,0.0900385,0.0903405,0.0906764,0.091035,0.0914224,0.0918473,0.0923707,0.0969722,0.103649,0.113011,0.120014,0.122556,0.124126,0.125163,0.125958,0.126635,0.127201,0.127671,0.128076,0.128405,0.128712,0.129,0.12928,0.129553,0.129778,0.129992,0.130207,0.130389,0.130557,0.130722,0.130893,0.131075,0.131282,0.131514,0.131811,0.132224,0.132894,0.134633,0.137279,0.142301,0.147489,0.152001,0.156102,0.159892,0.162782,0.165416,0.167682,0.170232,0.173114,0.176731,0.18072,0.185114,0.189303,0.19334,0.197834,0.203063,0.209949,0.215063,0.221555,0.242712,0.271347,0.308782,0.350919,0.393037,0.439212,0.508616,0.636129,1.09321,1.86648,6.26924,9.99836,9.99836,9.99836,9.99836,9.99836,9.99836,9.99836,9.99836,9.99836,9.99836,9.99836,9.99836,9.99836,9.99836,9.99836,9.99836,9.99836,9.99836,9.99836,9.99836,9.99836,,,4.30319,0.128764,

-3.5203,-3.46197,-3.40363,-3.3453,-3.28697,-3.22863,-3.1703,-3.11197,-3.05363,-2.9953,-2.93697,-2.87863,-2.8203,-2.76197,-2.70363,-2.6453,-2.58697,-2.52863,-2.4703,-2.41197,-2.35363,-2.2953,-2.23697,-2.17863,-2.1203,-2.06197,-2.00363,-1.9453,-1.88697,-1.82863,-1.7703,-1.71197,-1.65363,-1.5953,-1.53697,-1.47863,-1.4203,-1.36197,-1.30363,-1.2453,-1.18697,-1.12863,-1.0703,-1.01197,-0.953633,-0.8953,-0.836967,-0.778633,-0.7203,-0.661967,-0.603633,-0.5453,-0.486967,-0.428633,-0.3703,-0.311967,-0.253633,-0.1953,-0.136967,-0.0786333,-0.0203,0.0380333,0.0963667,0.1547,0.213033,0.271367,0.3297,0.388033,0.446367,0.5047,0.563033,0.621367,0.6797,0.738033,0.796367,0.8547,0.913033,0.971367,1.0297,1.08803,1.14637,1.2047,1.26303,1.32137,1.3797,1.43803,1.49637,1.5547,1.61303,1.67137,1.7297,1.78803,1.84637,1.9047,1.96303,2.02137,2.0797,2.13803,2.19637,2.2547,2.31303,2.37137,2.4297,2.48803,2.54637,2.6047,2.66303,2.72137,2.7797,2.83803,2.89637,2.9547,3.01303,3.07137,3.1297,3.18803,3.24637,3.3047,3.36303,3.42137,3.4797,3.53803,3.59637,3.6547,3.71303,3.77137,3.8297,3.88803,3.94637,4.0047,4.06303,4.12137,
6.12456,6.12456,6.12456,6.12456,6.12456,6.12456,6.12456,6.12456,6.12456,6.12456,6.12456,6.12456,6.12456,6.12456,6.12456,6.12456,6.12456,6.12456,6.12456,6.12456,6.12456,6.11869,6.06133,6.00419,5.94704,5.8899,5.83276,5.77561,5.71847,5.66133,5.60418,5.54704,5.49192,5.4462,5.40049,5.35477,5.30905,5.26334,5.21762,5.17191,5.12619,5.08048,5.03476,4.99179,4.9575,4.92321,4.88893,4.85464,4.82035,4.78607,4.75178,4.7175,4.68321,4.64892,4.61118,4.56547,4.51977,4.47406,4.42835,4.38264,4.33693,4.29122,4.24213,4.22017,4.21202,4.20685,4.20149,4.19677,4.19198,4.1853,4.1752,4.16123,4.14465,4.1268,4.10815,4.08982,4.07252,4.05636,4.04135,4.02719,4.01308,3.99852,3.98289,3.96529,3.94525,3.92349,3.90295,3.88429,3.86688,3.85022,3.83424,3.81952,3.80722,3.79684,3.7903,3.78423,3.77826,3.77232,3.76608,3.75896,3.75115,3.74199,3.73121,3.71896,3.70695,3.69275,3.67633,3.65887,3.64358,3.63492,3.62697,3.61788,3.59288,3.56523,3.5488,3.53233,3.51582,3.49932,3.48283,3.46633,3.44989,3.43342,3.35822,3.23844,3.11867,2.9989,2.87912,2.75935,2.63958,2.51981,0.592279,0.00110578,
4.11259e-05,0.00576952,0.0111593,0.0165491,0.021939,0.0273288,0.0419613,0.0620049,0.0708667,0.07779,0.0810925,0.0832251,0.0846593,0.0854459,0.0861056,0.0865241,0.0868794,0.0871964,0.0873717,0.0875368,0.0876933,0.0878208,0.0879306,0.0880527,0.0881677,0.0882624,0.0883428,0.0884141,0.0885065,0.0885975,0.088682,0.0887632,0.0888424,0.0889745,0.0891029,0.0892126,0.0893883,0.0896072,0.0898097,0.0900382,0.0903402,0.0906762,0.0910347,0.0914221,0.0918469,0.0923703,0.0969675,0.103642,0.113003,0.120012,0.122555,0.124125,0.125162,0.125957,0.126634,0.1272,0.127671,0.128075,0.128405,0.128712,0.129,0.129279,0.129553,0.129777,0.129992,0.130206,0.130388,0.130557,0.130722,0.130893,0.131074,0.131282,0.131514,0.131811,0.132223,0.132893,0.134632,0.137277,0.142297,0.147486,0.151998,0.1561,0.15989,0.16278,0.165415,0.16768,0.17023,0.173111,0.176728,0.180717,0.185111,0.1893,0.193337,0.197831,0.203059,0.209944,0.215061,0.221547,0.242693,0.271319,0.308752,0.350887,0.393005,0.439173,0.508544,0.636013,1.09262,1.86589,6.26529,9.99442,9.99442,9.99442,9.99442,9.99442,9.99442,9.99442,9.99442,9.99442,9.99442,9.99442,9.99442,9.99442,9.99442,9.99442,9.99442,9.99442,9.99442,9.99442,9.99442,9.99442,9.99442,9.99442,,,4.30361,0.129205,

-3.60928,-3.55094,-3.49261,-3.43428,-3.37594,-3.31761,-3.25928,-3.20094,-3.14261,-3.08428,-3.02594,-2.96761,-2.90928,-2.85094,-2.79261,-2.73428,-2.67594,-2.61761,-2.55928,-2.50094,-2.44261,-2.38428,-2.32594,-2.26761,-2.20928,-2.15094,-2.09261,-2.03428,-1.97594,-1.91761,-1.85928,-1.80094,-1.74261,-1.68428,-1.62594,-1.56761,-1.50928,-1.45094,-1.39261,-1.33428,-1.27594,-1.21761,-1.15928,-1.10094,-1.04261,-0.984278,-0.925944,-0.867611,-0.809278,-0.750944,-0.692611,-0.634278,-0.575944,-0.517611,-0.459278,-0.400944,-0.342611,-0.284278,-0.225944,-0.167611,-0.109278,-0.0509444,0.00738889,0.0657222,0.124056,0.182389,0.240722,0.299056,0.357389,0.415722,0.474056,0.532389,0.590722,0.649056,0.707389,0.765722,0.824056,0.882389,0.940722,0.999056,1.05739,1.11572,1.17406,1.23239,1.29072,1.34906,1.40739,1.46572,1.52406,1.58239,1.64072,1.69906,1.75739,1.81572,1.87406,1.93239,1.99072,2.04906,2.10739,2.16572,2.22406,2.28239,2.34072,2.39906,2.45739,2.51572,2.57406,2.63239,2.69072,2.74906,2.80739,2.86572,2.92406,2.98239,3.04072,3.09906,3.15739,3.21572,3.27406,3.33239,3.39072,3.44906,3.50739,3.56572,3.62406,3.68239,3.74072,3.79906,3.85739,3.91572,3.97406,4.03239,4.09072,
6.12455,6.12455,6.12455,6.12455,6.12455,6.12455,6.12455,6.12455,6.12455,6.12455,6.12455,6.12455,6.12455,6.12455,6.12455,6.12455,6.12455,6.12455,6.12455,6.12455,6.12455,6.12455,6.12455,6.09188,6.03473,5.97759,5.92044,5.8633,5.80616,5.74901,5.69187,5.63473,5.57758,5.52044,5.47064,5.42492,5.37921,5.33349,5.28778,5.24206,5.19634,5.15063,5.10491,5.0592,5.01348,4.97583,4.94154,4.90725,4.87297,4.83868,4.80439,4.77011,4.73582,4.70154,4.66725,4.63296,4.58991,4.5442,4.49849,4.45278,4.40707,4.36136,4.31565,4.26974,4.22946,4.21527,4.21047,4.20417,4.19931,4.19462,4.18919,4.18113,4.16914,4.15374,4.13645,4.11812,4.09953,4.0816,4.06484,4.04929,4.03451,4.0206,4.00643,3.99136,3.97502,3.95625,3.93513,3.91374,3.894,3.87607,3.85913,3.84257,3.82717,3.81353,3.80212,3.79369,3.78748,3.78136,3.7755,3.76951,3.76283,3.7555,3.74707,3.73712,3.72543,3.71344,3.70095,3.68508,3.6685,3.65019,3.63937,3.6311,3.62343,3.6086,3.57777,3.55755,3.54115,3.52464,3.50814,3.49164,3.47515,3.45865,3.44224,3.42224,3.30246,3.18269,3.06292,2.94314,2.82337,2.7036,2.58383,1.81401,0.000763427,
4.51529e-05,0.00577355,0.0111634,0.0165532,0.021943,0.0273328,0.0419763,0.0620199,0.070873,0.0777925,0.081095,0.0832262,0.0846604,0.0854465,0.0861059,0.0865244,0.0868796,0.0871966,0.0873718,0.0875369,0.0876934,0.0878209,0.0879306,0.0880528,0.0881677,0.0882625,0.0883428,0.0884142,0.0885065,0.0885976,0.088682,0.0887633,0.0888424,0.0889746,0.089103,0.0892127,0.0893885,0.0896073,0.0898099,0.0900385,0.0903405,0.0906764,0.091035,0.0914224,0.0918473,0.0923707,0.0969721,0.103649,0.113011,0.120014,0.122556,0.124126,0.125163,0.125958,0.126635,0.127201,0.127671,0.128076,0.128405,0.128712,0.129,0.12928,0.129553,0.129778,0.129992,0.130207,0.130389,0.130557,0.130722,0.130893,0.131075,0.131282,0.131514,0.131811,0.132224,0.132894,0.134633,0.137279,0.142301,0.147489,0.152001,0.156102,0.159892,0.162782,0.165416,0.167682,0.170232,0.173114,0.176731,0.18072,0.185114,0.189303,0.19334,0.197834,0.203063,0.209949,0.215063,0.221555,0.242712,0.271346,0.308782,0.350918,0.393036,0.439211,0.508614,0.636126,1.09319,1.86647,6.26915,9.99827,9.99827,9.99827,9.99827,9.99827,9.99827,9.99827,9.99827,9.99827,9.99827,9.99827,9.99827,9.99827,9.99827,9.99827,9.99827,9.99827,9.99827,9.99827,9.99827,9.99827,9.99827,9.99827,9.99827,,,4.30406,0.12961,

-3.69701,-3.63868,-3.58034,-3.52201,-3.46368,-3.40534,-3.34701,-3.28868,-3.23034,-3.17201,-3.11368,-3.05534,-2.99701,-2.93868,-2.88034,-2.82201,-2.76368,-2.70534,-2.64701,-2.58868,-2.53034,-2.47201,-2.41368,-2.35534,-2.29701,-2.23868,-2.18034,-2.12201,-2.06368,-2.00534,-1.94701,-1.88868,-1.83034,-1.77201,-1.71368,-1.65534,-1.59701,-1.53868,-1.48034,-1.42201,-1.36368,-1.30534,-1.24701,-1.18868,-1.13034,-1.07201,-1.01368,-0.955344,-0.897011,-0.838678,-0.780344,-0.722011,-0.663678,-0.605344,-0.547011,-0.488678,-0.430344,-0.372011,-0.313678,-0.255344,-0.197011,-0.138678,-0.0803444,-0.0220111,0.0363222,0.0946556,0.152989,0.211322,0.269656,0.327989,0.386322,0.444656,0.502989,0.561322,0.619656,0.677989,0.736322,0.794656,0.852989,0.911322,0.969656,1.02799,1.08632,1.14466,1.20299,1.26132,1.31966,1.37799,1.43632,1.49466,1.55299,1.61132,1.66966,1.72799,1.78632,1.84466,1.90299,1.96132,2.01966,2.07799,2.13632,2.19466,2.25299,2.31132,2.36966,2.42799,2.48632,2.54466,2.60299,2.66132,2.71966,2.77799,2.83632,2.89466,2.95299,3.01132,3.06966,3.12799,3.18632,3.24466,3.30299,3.36132,3.41966,3.47799,3.53632,3.59466,3.65299,3.71132,3.76966,3.82799,3.88632,3.94466,4.00299,4.06132,4.11966,
6.1246,6.1246,6.1246,6.1246,6.1246,6.1246,6.1246,6.1246,6.1246,6.1246,6.1246,6.1246,6.1246,6.1246,6.1246,6.1246,6.1246,6.1246,6.1246,6.1246,6.1246,6.1246,6.1246,6.1246,6.12309,6.06396,6.00682,5.94967,5.89253,5.83539,5.77824,5.7211,5.66396,5.60681,5.54967,5.49402,5.4483,5.40259,5.35687,5.31116,5.26544,5.21973,5.17401,5.1283,5.08258,5.03687,4.99336,4.95908,4.92479,4.8905,4.85622,4.82193,4.78765,4.75336,4.71907,4.68479,4.6505,4.61329,4.56758,4.52187,4.47616,4.43045,4.38474,4.33903,4.29333,4.24451,4.2208,4.21217,4.20717,4.20171,4.19699,4.19221,4.18568,4.1758,4.16192,4.14546,4.12766,4.10901,4.09064,4.07329,4.05708,4.04204,4.02782,4.01373,3.99923,3.98362,3.96616,3.94625,3.92449,3.90386,3.8851,3.86767,3.851,3.83493,3.82018,3.80774,3.79715,3.79059,3.78452,3.77853,3.7726,3.7664,3.75929,3.75154,3.74247,3.73172,3.71951,3.70754,3.69345,3.67707,3.65973,3.64413,3.6353,3.62732,3.61837,3.59451,3.56599,3.54955,3.53309,3.51658,3.50008,3.48359,3.46709,3.45064,3.43418,3.36373,3.24395,3.12418,3.00441,2.88463,2.76486,2.64509,2.52532,0.697457,0.00266767,
4.6142e-05,0.00577454,0.0111643,0.0165542,0.021944,0.0273338,0.04198,0.0620235,0.0708745,0.0777931,0.0810956,0.0832264,0.0846607,0.0854466,0.086106,0.0865245,0.0868797,0.0871967,0.0873719,0.0875369,0.0876934,0.0878209,0.0879307,0.0880529,0.0881678,0.0882625,0.0883429,0.0884142,0.0885066,0.0885976,0.0886821,0.0887633,0.0888424,0.0889746,0.089103,0.0892127,0.0893885,0.0896074,0.0898099,0.0900385,0.0903405,0.0906765,0.0910351,0.0914225,0.0918473,0.0923708,0.0969733,0.103651,0.113013,0.120015,0.122557,0.124126,0.125163,0.125958,0.126635,0.127201,0.127671,0.128076,0.128405,0.128712,0.129,0.12928,0.129553,0.129778,0.129992,0.130207,0.130389,0.130557,0.130722,0.130893,0.131075,0.131282,0.131514,0.131811,0.132224,0.132894,0.134634,0.137279,0.142302,0.14749,0.152002,0.156103,0.159893,0.162782,0.165417,0.167683,0.170233,0.173114,0.176732,0.180721,0.185115,0.189304,0.193341,0.197835,0.203064,0.20995,0.215064,0.221557,0.242716,0.271353,0.308789,0.350926,0.393044,0.439221,0.508632,0.636154,1.09334,1.86661,6.2701,9.99922,9.99922,9.99922,9.99922,9.99922,9.99922,9.99922,9.99922,9.99922,9.99922,9.99922,9.99922,9.99922,9.99922,9.99922,9.99922,9.99922,9.99922,9.99922,9.99922,9.99922,9.99922,9.99922,9.99922,9.99922,9.99922,,,4.30436,0.129939,

-3.7828,-3.72447,-3.66613,-3.6078,-3.54947,-3.49113,-3.4328,-3.37447,-3.31613,-3.2578,-3.19947,-3.14113,-3.0828,-3.02447,-2.96613,-2.9078,-2.84947,-2.79113,-2.7328,-2.67447,-2.61613,-2.5578,-2.49947,-2.44113,-2.3828,-2.32447,-2.26613,-2.2078,-2.14947,-2.09113,-2.0328,-1.97447,-1.91613,-1.8578,-1.79947,-1.74113,-1.6828,-1.62447,-1.56613,-1.5078,-1.44947,-1.39113,-1.3328,-1.27447,-1.21613,-1.1578,-1.09947,-1.04113,-0.9828,-0.924467,-0.866133,-0.8078,-0.749467,-0.691133,-0.6328,-0.574467,-0.516133,-0.4578,-0.399467,-0.341133,-0.2828,-0.224467,-0.166133,-0.1078,-0.0494667,0.00886667,0.0672,0.125533,0.183867,0.2422,0.300533,0.358867,0.4172,0.475533,0.533867,0.5922,0.650533,0.708867,0.7672,0.825533,0.883867,0.9422,1.00053,1.05887,1.1172,1.17553,1.23387,1.2922,1.35053,1.40887,1.4672,1.52553,1.58387,1.6422,1.70053,1.75887,1.8172,1.87553,1.93387,1.9922,2.05053,2.10887,2.1672,2.22553,2.28387,2.3422,2.40053,2.45887,2.5172,2.57553,2.63387,2.6922,2.75053,2.80887,2.8672,2.92553,2.98387,3.0422,3.10053,3.15887,3.2172,3.27553,3.33387,3.3922,3.45053,3.50887,3.5672,3.62553,3.68387,3.7422,3.80053,3.85887,3.9172,3.97553,4.03387,4.0922,
6.12454,6.12454,6.12454,6.12454,6.12454,6.12454,6.12454,6.12454,6.12454,6.12454,6.12454,6.12454,6.12454,6.12454,6.12454,6.12454,6.12454,6.12454,6.12454,6.12454,6.12454,6.12454,6.12454,6.12454,6.12454,6.12454,6.09125,6.03411,5.97697,5.91982,5.86268,5.80553,5.74839,5.69125,5.6341,5.57696,5.51982,5.47014,5.42442,5.37871,5.33299,5.28728,5.24156,5.19585,5.15013,5.10442,5.0587,5.01299,4.97545,4.94117,4.90688,4.87259,4.83831,4.80402,4.76973,4.73545,4.70116,4.66688,4.63259,4.58941,4.5437,4.49799,4.45228,4.40657,4.36087,4.31516,4.26918,4.22919,4.21519,4.2104,4.20411,4.19926,4.19457,4.18913,4.18101,4.169,4.15356,4.13625,4.11792,4.09933,4.08141,4.06466,4.04913,4.03436,4.02045,4.00627,3.99119,3.97484,3.95603,3.93489,3.91351,3.8938,3.87587,3.85895,3.8424,3.827,3.81339,3.80201,3.79361,3.78742,3.78129,3.77543,3.76944,3.76275,3.75542,3.74697,3.737,3.72529,3.71331,3.70078,3.6849,3.6683,3.64999,3.63928,3.63102,3.62335,3.60835,3.57751,3.55737,3.54097,3.52446,3.50796,3.49147,3.47497,3.45847,3.44206,3.42093,3.30116,3.18139,3.06161,2.94184,2.82207,2.70229,2.58252,1.78912,0.000250432,
4.1079e-05,0.00576948,0.0111593,0.0165491,0.0219389,0.0273287,0.0419611,0.0620047,0.0708666,0.07779,0.0810925,0.0832251,0.0846593,0.0854459,0.0861056,0.0865241,0.0868794,0.0871964,0.0873717,0.0875368,0.0876933,0.0878208,0.0879306,0.0880527,0.0881677,0.0882624,0.0883428,0.0884141,0.0885065,0.0885975,0.088682,0.0887632,0.0888424,0.0889745,0.0891029,0.0892126,0.0893883,0.0896072,0.0898097,0.0900382,0.0903402,0.0906762,0.0910347,0.0914221,0.0918469,0.0923703,0.0969674,0.103642,0.113003,0.120012,0.122555,0.124125,0.125162,0.125957,0.126634,0.1272,0.127671,0.128075,0.128405,0.128712,0.129,0.129279,0.129553,0.129777,0.129992,0.130206,0.130388,0.130557,0.130722,0.130893,0.131074,0.131282,0.131514,0.131811,0.132223,0.132893,0.134632,0.137277,0.142297,0.147486,0.151998,0.1561,0.15989,0.16278,0.165415,0.16768,0.17023,0.173111,0.176728,0.180717,0.185111,0.1893,0.193337,0.197831,0.203059,0.209944,0.215061,0.221547,0.242693,0.271319,0.308751,0.350886,0.393004,0.439172,0.508543,0.636012,1.09261,1.86588,6.26525,9.99437,9.99437,9.99437,9.99437,9.99437,9.99437,9.99437,9.99437,9.99437,9.99437,9.99437,9.99437,9.99437,9.99437,9.99437,9.99437,9.99437,9.99437,9.99437,9.99437,9.99437,9.99437,9.99437,9.99437,9.99437,9.99437,9.99437,,,4.30471,0.130247,

-3.86594,-3.80761,-3.74928,-3.69094,-3.63261,-3.57428,-3.51594,-3.45761,-3.39928,-3.34094,-3.28261,-3.22428,-3.16594,-3.10761,-3.04928,-2.99094,-2.93261,-2.87428,-2.81594,-2.75761,-2.69928,-2.64094,-2.58261,-2.52428,-2.46594,-2.40761,-2.34928,-2.29094,-2.23261,-2.17428,-2.11594,-2.05761,-1.99928,-1.94094,-1.88261,-1.82428,-1.76594,-1.70761,-1.64928,-1.59094,-1.53261,-1.47428,-1.41594,-1.35761,-1.29928,-1.24094,-1.18261,-1.12428,-1.06594,-1.00761,-0.949278,-0.890944,-0.832611,-0.774278,-0.715944,-0.657611,-0.599278,-0.540944,-0.482611,-0.424278,-0.365944,-0.307611,-0.249278,-0.190944,-0.132611,-0.0742778,-0.0159444,0.0423889,0.100722,0.159056,0.217389,0.275722,0.334056,0.392389,0.450722,0.509056,0.567389,0.625722,0.684056,0.742389,0.800722,0.859056,0.917389,0.975722,1.03406,1.09239,1.15072,1.20906,1.26739,1.32572,1.38406,1.44239,1.50072,1.55906,1.61739,1.67572,1.73406,1.79239,1.85072,1.90906,1.96739,2.02572,2.08406,2.14239,2.20072,2.25906,2.31739,2.37572,2.43406,2.49239,2.55072,2.60906,2.66739,2.72572,2.78406,2.84239,2.90072,2.95906,3.01739,3.07572,3.13406,3.19239,3.25072,3.30906,3.36739,3.42572,3.48406,3.54239,3.60072,3.65906,3.71739,3.77572,3.83406,3.89239,3.95072,4.00906,4.06739,4.12572,
6.12456,6.12456,6.12456,6.12456,6.12456,6.12456,6.12456,6.12456,6.12456,6.12456,6.12456,6.12456,6.12456,6.12456,6.12456,6.12456,6.12456,6.12456,6.12456,6.12456,6.12456,6.12456,6.12456,6.12456,6.12456,6.12456,6.12456,6.11592,6.05874,6.0016,5.94446,5.88731,5.83017,5.77302,5.71588,5.65874,5.60159,5.54445,5.48985,5.44413,5.39841,5.3527,5.30698,5.26127,5.21555,5.16984,5.12412,5.07841,5.03269,4.99023,4.95595,4.92166,4.88737,4.85309,4.8188,4.78451,4.75023,4.71594,4.68166,4.64737,4.60911,4.5634,4.5177,4.47199,4.42628,4.38057,4.33486,4.28915,4.24,4.21956,4.21187,4.20655,4.20128,4.19656,4.19176,4.18494,4.17461,4.16055,4.14386,4.12595,4.10731,4.08901,4.07177,4.05565,4.04068,4.02655,4.01245,3.99783,3.98217,3.96444,3.94427,3.9225,3.90205,3.88349,3.8661,3.84946,3.83355,3.81888,3.80671,3.79653,3.79001,3.78394,3.77799,3.77205,3.76576,3.75862,3.75077,3.74152,3.7307,3.71842,3.70637,3.69205,3.6756,3.65803,3.64303,3.63453,3.62662,3.61739,3.59127,3.56449,3.54806,3.53158,3.51507,3.49857,3.48209,3.46558,3.44915,3.43267,3.35279,3.23302,3.11324,2.99347,2.8737,2.75393,2.63415,2.51438,0.488751,0.00119306,
4.56185e-05,0.00577402,0.0111638,0.0165536,0.0219434,0.0273333,0.041978,0.0620216,0.0708737,0.0777928,0.0810953,0.0832263,0.0846605,0.0854466,0.086106,0.0865245,0.0868797,0.0871966,0.0873719,0.0875369,0.0876934,0.0878209,0.0879307,0.0880528,0.0881677,0.0882625,0.0883428,0.0884142,0.0885066,0.0885976,0.088682,0.0887633,0.0888424,0.0889746,0.089103,0.0892127,0.0893885,0.0896074,0.0898099,0.0900385,0.0903405,0.0906765,0.091035,0.0914224,0.0918473,0.0923707,0.0969727,0.10365,0.113012,0.120014,0.122556,0.124126,0.125163,0.125958,0.126635,0.127201,0.127671,0.128076,0.128405,0.128712,0.129,0.12928,0.129553,0.129778,0.129992,0.130207,0.130389,0.130557,0.130722,0.130893,0.131075,0.131282,0.131514,0.131811,0.132224,0.132894,0.134634,0.137279,0.142301,0.147489,0.152002,0.156103,0.159893,0.162782,0.165416,0.167682,0.170232,0.173114,0.176732,0.180721,0.185115,0.189303,0.19334,0.197834,0.203064,0.209949,0.215063,0.221556,0.242714,0.271349,0.308785,0.350922,0.39304,0.439216,0.508622,0.636139,1.09326,1.86654,6.26959,9.99872,9.99872,9.99872,9.99872,9.99872,9.99872,9.99872,9.99872,9.99872,9.99872,9.99872,9.99872,9.99872,9.99872,9.99872,9.99872,9.99872,9.99872,9.99872,9.99872,9.99872,9.99872,9.99872,9.99872,9.99872,9.99872,9.99872,9.99872,9.99872,,,4.30494,0.130499,

-3.94606,-3.88772,-3.82939,-3.77106,-3.71272,-3.65439,-3.59606,-3.53772,-3.47939,-3.42106,-3.36272,-3.30439,-3.24606,-3.18772,-3.12939,-3.07106,-3.01272,-2.95439,-2.89606,-2.83772,-2.77939,-2.72106,-2.66272,-2.60439,-2.54606,-2.48772,-2.42939,-2.37106,-2.31272,-2.25439,-2.19606,-2.13772,-2.07939,-2.02106,-1.96272,-1.90439,-1.84606,-1.78772,-1.72939,-1.67106,-1.61272,-1.55439,-1.49606,-1.43772,-1.37939,-1.32106,-1.26272,-1.20439,-1.14606,-1.08772,-1.02939,-0.971056,-0.912722,-0.854389,-0.796056,-0.737722,-0.679389,-0.621056,-0.562722,-0.504389,-0.446056,-0.387722,-0.329389,-0.271056,-0.212722,-0.154389,-0.0960556,-0.0377222,0.0206111,0.0789444,0.137278,0.195611,0.253944,0.312278,0.370611,0.428944,0.487278,0.545611,0.603944,0.662278,0.720611,0.778944,0.837278,0.895611,0.953944,1.01228,1.07061,1.12894,1.18728,1.24561,1.30394,1.36228,1.42061,1.47894,1.53728,1.59561,1.65394,1.71228,1.77061,1.82894,1.88728,1.94561,2.00394,2.06228,2.12061,2.17894,2.23728,2.29561,2.35394,2.41228,2.47061,2.52894,2.58728,2.64561,2.70394,2.76228,2.82061,2.87894,2.93728,2.99561,3.05394,3.11228,3.17061,3.22894,3.28728,3.34561,3.40394,3.46228,3.52061,3.57894,3.63728,3.69561,3.75394,3.81228,3.87061,3.92894,3.98728,4.04561,4.10394,
6.12454,6.12454,6.12454,6.12454,6.12454,6.12454,6.12454,6.12454,6.12454,6.12454,6.12454,6.12454,6.12454,6.12454,6.12454,6.12454,6.12454,6.12454,6.12454,6.12454,6.12454,6.12454,6.12454,6.12454,6.12454,6.12454,6.12454,6.12454,6.12454,6.08036,6.02322,5.96607,5.90893,5.85178,5.79464,5.7375,5.68035,5.62321,5.56607,5.50892,5.46142,5.41571,5.36999,5.32428,5.27856,5.23285,5.18713,5.14142,5.0957,5.04999,5.00427,4.96892,4.93463,4.90034,4.86606,4.83177,4.79748,4.7632,4.72891,4.69463,4.66034,4.62605,4.5807,4.53499,4.48928,4.44357,4.39786,4.35215,4.30644,4.25933,4.22468,4.21384,4.20911,4.20304,4.19835,4.19363,4.18793,4.17897,4.16623,4.15041,4.13282,4.11436,4.09581,4.07817,4.06158,4.0463,4.03175,4.01775,4.0035,3.98817,3.97156,3.95219,3.93074,3.90955,3.89031,3.87259,3.85581,3.83941,3.82425,3.81104,3.80006,3.79238,3.78628,3.78019,3.7743,3.76828,3.76137,3.75395,3.74524,3.7349,3.72292,3.71105,3.69786,3.68172,3.6649,3.64759,3.63771,3.62954,3.62145,3.60388,3.57289,3.55424,3.53782,3.52132,3.50481,3.48832,3.47182,3.45533,3.43892,3.3981,3.27832,3.15855,3.03878,2.91901,2.79923,2.67946,2.55969,1.35337,0.000313132,
4.69726e-05,0.00577537,0.0111652,0.016555,0.0219448,0.0273346,0.041983,0.0620266,0.0708758,0.0777936,0.0810961,0.0832267,0.0846609,0.0854467,0.0861061,0.0865246,0.0868797,0.0871967,0.0873719,0.0875369,0.0876934,0.087821,0.0879307,0.0880529,0.0881678,0.0882625,0.0883429,0.0884142,0.0885066,0.0885976,0.0886821,0.0887633,0.0888424,0.0889746,0.089103,0.0892127,0.0893886,0.0896074,0.08981,0.0900386,0.0903406,0.0906766,0.0910351,0.0914225,0.0918474,0.0923709,0.0969742,0.103652,0.113014,0.120015,0.122557,0.124126,0.125163,0.125958,0.126635,0.127201,0.127671,0.128076,0.128405,0.128712,0.129,0.12928,0.129553,0.129778,0.129992,0.130207,0.130389,0.130557,0.130722,0.130893,0.131075,0.131282,0.131514,0.131811,0.132224,0.132894,0.134634,0.13728,0.142303,0.147491,0.152003,0.156104,0.159893,0.162783,0.165417,0.167683,0.170233,0.173115,0.176733,0.180722,0.185116,0.189304,0.193341,0.197836,0.203065,0.209951,0.215064,0.221558,0.24272,0.271358,0.308795,0.350933,0.393051,0.439228,0.508646,0.636177,1.09346,1.86673,6.27089,9.99314,9.99314,9.99314,9.99314,9.99314,9.99314,9.99314,9.99314,9.99314,9.99314,9.99314,9.99314,9.99314,9.99314,9.99314,9.99314,9.99314,9.99314,9.99314,9.99314,9.99314,9.99314,9.99314,9.99314,9.99314,9.99314,9.99314,9.99314,9.99314,9.99314,,,4.30514,0.130726,

-4.02267,-3.96433,-3.906,-3.84767,-3.78933,-3.731,-3.67267,-3.61433,-3.556,-3.49767,-3.43933,-3.381,-3.32267,-3.26433,-3.206,-3.14767,-3.08933,-3.031,-2.97267,-2.91433,-2.856,-2.79767,-2.73933,-2.681,-2.62267,-2.56433,-2.506,-2.44767,-2.38933,-2.331,-2.27267,-2.21433,-2.156,-2.09767,-2.03933,-1.981,-1.92267,-1.86433,-1.806,-1.74767,-1.68933,-1.631,-1.57267,-1.51433,-1.456,-1.39767,-1.33933,-1.281,-1.22267,-1.16433,-1.106,-1.04767,-0.989333,-0.931,-0.872667,-0.814333,-0.756,-0.697667,-0.639333,-0.581,-0.522667,-0.464333,-0.406,-0.347667,-0.289333,-0.231,-0.172667,-0.114333,-0.056,0.00233333,0.0606667,0.119,0.177333,0.235667,0.294,0.352333,0.410667,0.469,0.527333,0.585667,0.644,0.702333,0.760667,0.819,0.877333,0.935667,0.994,1.05233,1.11067,1.169,1.22733,1.28567,1.344,1.40233,1.46067,1.519,1.57733,1.63567,1.694,1.75233,1.81067,1.869,1.92733,1.98567,2.044,2.10233,2.16067,2.219,2.27733,2.33567,2.394,2.45233,2.51067,2.569,2.62733,2.68567,2.744,2.80233,2.86067,2.919,2.97733,3.03567,3.094,3.15233,3.21067,3.269,3.32733,3.38567,3.444,3.50233,3.56067,3.619,3.67733,3.73567,3.794,3.85233,3.91067,3.969,4.02733,4.08567,
6.12459,6.12459,6.12459,6.12459,6.12459,6.12459,6.12459,6.12459,6.12459,6.12459,6.12459,6.12459,6.12459,6.12459,6.12459,6.12459,6.12459,6.12459,6.12459,6.12459,6.12459,6.12459,6.12459,6.12459,6.12459,6.12459,6.12459,6.12459,6.12459,6.12459,6.09854,6.0414,5.98425,5.92711,5.86997,5.81282,5.75568,5.69853,5.64139,5.58425,5.5271,5.47597,5.43025,5.38454,5.33882,5.29311,5.24739,5.20168,5.15596,5.11025,5.06453,5.01882,4.97983,4.94554,4.91125,4.87697,4.84268,4.80839,4.77411,4.73982,4.70553,4.67125,4.63696,4.59524,4.54953,4.50382,4.45811,4.4124,4.36669,4.32099,4.27528,4.23239,4.21609,4.21087,4.20482,4.19987,4.19516,4.18993,4.18238,4.17066,4.15566,4.13855,4.12029,4.10168,4.0836,4.06676,4.05102,4.03617,4.02225,4.00812,3.99317,3.97701,3.9586,3.93767,3.91616,3.89614,3.87813,3.86106,3.8444,3.82894,3.81497,3.80331,3.79448,3.78817,3.78204,3.77619,3.77022,3.76366,3.75637,3.74813,3.73836,3.72689,3.71482,3.70246,3.68702,3.67057,3.65237,3.64033,3.632,3.62432,3.61134,3.5806,3.55948,3.54307,3.52657,3.51006,3.49357,3.47708,3.46057,3.44417,3.42766,3.31643,3.19666,3.07689,2.95711,2.83734,2.71757,2.59779,2.08059,0.00219773,
4.53115e-05,0.00577371,0.0111635,0.0165533,0.0219431,0.0273329,0.0419769,0.0620205,0.0708732,0.0777926,0.0810951,0.0832262,0.0846604,0.0854465,0.0861059,0.0865244,0.0868796,0.0871966,0.0873718,0.0875369,0.0876934,0.0878209,0.0879306,0.0880528,0.0881677,0.0882625,0.0883428,0.0884142,0.0885065,0.0885976,0.088682,0.0887633,0.0888424,0.0889746,0.089103,0.0892127,0.0893885,0.0896073,0.0898099,0.0900385,0.0903405,0.0906764,0.091035,0.0914224,0.0918473,0.0923707,0.0969723,0.103649,0.113011,0.120014,0.122556,0.124126,0.125163,0.125958,0.126635,0.127201,0.127671,0.128076,0.128405,0.128712,0.129,0.12928,0.129553,0.129778,0.129992,0.130207,0.130389,0.130557,0.130722,0.130893,0.131075,0.131282,0.131514,0.131811,0.132224,0.132894,0.134633,0.137279,0.142301,0.147489,0.152001,0.156102,0.159892,0.162782,0.165416,0.167682,0.170232,0.173114,0.176731,0.18072,0.185114,0.189303,0.19334,0.197834,0.203063,0.209949,0.215063,0.221555,0.242713,0.271347,0.308783,0.35092,0.393038,0.439213,0.508617,0.636131,1.09322,1.86649,6.2693,9.99843,9.99843,9.99843,9.99843,9.99843,9.99843,9.99843,9.99843,9.99843,9.99843,9.99843,9.99843,9.99843,9.99843,9.99843,9.99843,9.99843,9.99843,9.99843,9.99843,9.99843,9.99843,9.99843,9.99843,9.99843,9.99843,9.99843,9.99843,9.99843,9.99843,9.99843,,,4.30536,0.130954,

-4.09539,-4.03706,-3.97872,-3.92039,-3.86206,-3.80372,-3.74539,-3.68706,-3.62872,-3.57039,-3.51206,-3.45372,-3.39539,-3.33706,-3.27872,-3.22039,-3.16206,-3.10372,-3.04539,-2.98706,-2.92872,-2.87039,-2.81206,-2.75372,-2.69539,-2.63706,-2.57872,-2.52039,-2.46206,-2.40372,-2.34539,-2.28706,-2.22872,-2.17039,-2.11206,-2.05372,-1.99539,-1.93706,-1.87872,-1.82039,-1.76206,-1.70372,-1.64539,-1.58706,-1.52872,-1.47039,-1.41206,-1.35372,-1.29539,-1.23706,-1.17872,-1.12039,-1.06206,-1.00372,-0.945389,-0.887056,-0.828722,-0.770389,-0.712056,-0.653722,-0.595389,-0.537056,-0.478722,-0.420389,-0.362056,-0.303722,-0.245389,-0.187056,-0.128722,-0.0703889,-0.0120556,0.0462778,0.104611,0.162944,0.221278,0.279611,0.337944,0.396278,0.454611,0.512944,0.571278,0.629611,0.687944,0.746278,0.804611,0.862944,0.921278,0.979611,1.03794,1.09628,1.15461,1.21294,1.27128,1.32961,1.38794,1.44628,1.50461,1.56294,1.62128,1.67961,1.73794,1.79628,1.85461,1.91294,1.97128,2.02961,2.08794,2.14628,2.20461,2.26294,2.32128,2.37961,2.43794,2.49628,2.55461,2.61294,2.67128,2.72961,2.78794,2.84628,2.90461,2.96294,3.02128,3.07961,3.13794,3.19628,3.25461,3.31294,3.37128,3.42961,3.48794,3.54628,3.60461,3.66294,3.72128,3.77961,3.83794,3.89628,3.95461,4.01294,4.07128,4.12961,
6.12456,6.12456,6.12456,6.12456,6.12456,6.12456,6.12456,6.12456,6.12456,6.12456,6.12456,6.12456,6.12456,6.12456,6.12456,6.12456,6.12456,6.12456,6.12456,6.12456,6.12456,6.12456,6.12456,6.12456,6.12456,6.12456,6.12456,6.12456,6.12456,6.12456,6.12456,6.11292,6.05577,5.99863,5.94149,5.88434,5.8272,5.77006,5.71291,5.65577,5.59862,5.54148,5.48747,5.44175,5.39604,5.35032,5.30461,5.25889,5.21318,5.16746,5.12175,5.07603,5.03032,4.98845,4.95417,4.91988,4.88559,4.85131,4.81702,4.78273,4.74845,4.71416,4.67987,4.64559,4.60674,4.56103,4.51532,4.46961,4.4239,4.37819,4.33249,4.28678,4.2387,4.21886,4.2117,4.20623,4.20104,4.19632,4.1915,4.18452,4.17394,4.15977,4.14295,4.12499,4.10634,4.08808,4.07092,4.05484,4.03991,4.02582,4.01172,3.99703,3.98128,3.96346,3.94314,3.9214,3.90102,3.88257,3.86521,3.84859,3.83276,3.81814,3.80613,3.79618,3.78969,3.78362,3.77769,3.77174,3.7654,3.75824,3.75033,3.74098,3.73005,3.71781,3.7057,3.69122,3.67476,3.65706,3.64241,3.6341,3.62623,3.61684,3.58943,3.56363,3.54721,3.53072,3.51422,3.49771,3.48123,3.46472,3.4483,3.43182,3.34657,3.22679,3.10702,2.98725,2.86747,2.7477,2.62793,2.50816,0.369988,0.00127965,
4.38504e-05,0.00577225,0.0111621,0.0165519,0.0219417,0.0273315,0.0419714,0.062015,0.070871,0.0777917,0.0810942,0.0832258,0.0846601,0.0854463,0.0861058,0.0865243,0.0868796,0.0871965,0.0873718,0.0875368,0.0876933,0.0878209,0.0879306,0.0880528,0.0881677,0.0882625,0.0883428,0.0884142,0.0885065,0.0885975,0.088682,0.0887633,0.0888424,0.0889745,0.0891029,0.0892127,0.0893884,0.0896073,0.0898098,0.0900384,0.0903404,0.0906763,0.0910349,0.0914223,0.0918471,0.0923706,0.0969706,0.103647,0.113008,0.120013,0.122556,0.124126,0.125162,0.125958,0.126634,0.127201,0.127671,0.128076,0.128405,0.128712,0.129,0.12928,0.129553,0.129777,0.129992,0.130207,0.130389,0.130557,0.130722,0.130893,0.131074,0.131282,0.131514,0.131811,0.132223,0.132894,0.134633,0.137278,0.142299,0.147488,0.152,0.156101,0.159892,0.162781,0.165416,0.167682,0.170231,0.173113,0.17673,0.180719,0.185113,0.189302,0.193339,0.197833,0.203062,0.209947,0.215062,0.221552,0.242706,0.271337,0.308772,0.350908,0.393026,0.439199,0.508592,0.63609,1.09301,1.86628,6.2679,9.99703,9.99703,9.99703,9.99703,9.99703,9.99703,9.99703,9.99703,9.99703,9.99703,9.99703,9.99703,9.99703,9.99703,9.99703,9.99703,9.99703,9.99703,9.99703,9.99703,9.99703,9.99703,9.99703,9.99703,9.99703,9.99703,9.99703,9.99703,9.99703,9.99703,9.99703,9.99703,9.99703,,,4.30564,0.131185,

-4.16391,-4.10558,-4.04724,-3.98891,-3.93058,-3.87224,-3.81391,-3.75558,-3.69724,-3.63891,-3.58058,-3.52224,-3.46391,-3.40558,-3.34724,-3.28891,-3.23058,-3.17224,-3.11391,-3.05558,-2.99724,-2.93891,-2.88058,-2.82224,-2.76391,-2.70558,-2.64724,-2.58891,-2.53058,-2.47224,-2.41391,-2.35558,-2.29724,-2.23891,-2.18058,-2.12224,-2.06391,-2.00558,-1.94724,-1.88891,-1.83058,-1.77224,-1.71391,-1.65558,-1.59724,-1.53891,-1.48058,-1.42224,-1.36391,-1.30558,-1.24724,-1.18891,-1.13058,-1.07224,-1.01391,-0.955578,-0.897244,-0.838911,-0.780578,-0.722244,-0.663911,-0.605578,-0.547244,-0.488911,-0.430578,-0.372244,-0.313911,-0.255578,-0.197244,-0.138911,-0.0805778,-0.0222444,0.0360889,0.0944222,0.152756,0.211089,0.269422,0.327756,0.386089,0.444422,0.502756,0.561089,0.619422,0.677756,0.736089,0.794422,0.852756,0.911089,0.969422,1.02776,1.08609,1.14442,1.20276,1.26109,1.31942,1.37776,1.43609,1.49442,1.55276,1.61109,1.66942,1.72776,1.78609,1.84442,1.90276,1.96109,2.01942,2.07776,2.13609,2.19442,2.25276,2.31109,2.36942,2.42776,2.48609,2.54442,2.60276,2.66109,2.71942,2.77776,2.83609,2.89442,2.95276,3.01109,3.06942,3.12776,3.18609,3.24442,3.30276,3.36109,3.41942,3.47776,3.53609,3.59442,3.65276,3.71109,3.76942,3.82776,3.88609,3.94442,4.00276,4.06109,4.11942,
6.12458,6.12458,6.12458,6.12458,6.12458,6.12458,6.12458,6.12458,6.12458,6.12458,6.12458,6.12458,6.12458,6.12458,6.12458,6.12458,6.12458,6.12458,6.12458,6.12458,6.12458,6.12458,6.12458,6.12458,6.12458,6.12458,6.12458,6.12458,6.12458,6.12458,6.12458,6.12458,6.12458,6.06607,6.00893,5.95178,5.89464,5.8375,5.78035,5.72321,5.66607,5.60892,5.55178,5.49571,5.44999,5.40428,5.35856,5.31285,5.26713,5.22142,5.1757,5.12999,5.08427,5.03856,4.99463,4.96034,4.92606,4.89177,4.85748,4.8232,4.78891,4.75463,4.72034,4.68605,4.65177,4.61497,4.56927,4.52356,4.47785,4.43214,4.38643,4.34072,4.29501,4.24642,4.2213,4.2123,4.20741,4.20188,4.19716,4.19239,4.18597,4.17628,4.16248,4.14611,4.12833,4.1097,4.09129,4.07392,4.05766,4.04258,4.02833,4.01424,3.9998,3.98421,3.96685,3.94706,3.92529,3.90459,3.88575,3.8683,3.85162,3.83549,3.8207,3.80815,3.7975,3.79082,3.78475,3.77875,3.77282,3.76665,3.75956,3.75185,3.74285,3.73213,3.71995,3.70802,3.69402,3.67767,3.66042,3.64458,3.63561,3.6276,3.61877,3.59582,3.56684,3.55016,3.53369,3.51719,3.50069,3.4842,3.4677,3.45124,3.43479,3.36815,3.24838,3.1286,3.00883,2.88906,2.76928,2.64951,2.52974,0.781857,0.00173744,
4.55335e-05,0.00577393,0.0111637,0.0165535,0.0219434,0.0273332,0.0419777,0.0620213,0.0708736,0.0777927,0.0810952,0.0832263,0.0846605,0.0854465,0.086106,0.0865245,0.0868797,0.0871966,0.0873718,0.0875369,0.0876934,0.0878209,0.0879306,0.0880528,0.0881677,0.0882625,0.0883428,0.0884142,0.0885065,0.0885976,0.088682,0.0887633,0.0888424,0.0889746,0.089103,0.0892127,0.0893885,0.0896074,0.0898099,0.0900385,0.0903405,0.0906765,0.091035,0.0914224,0.0918473,0.0923707,0.0969726,0.10365,0.113011,0.120014,0.122556,0.124126,0.125163,0.125958,0.126635,0.127201,0.127671,0.128076,0.128405,0.128712,0.129,0.12928,0.129553,0.129778,0.129992,0.130207,0.130389,0.130557,0.130722,0.130893,0.131075,0.131282,0.131514,0.131811,0.132224,0.132894,0.134634,0.137279,0.142301,0.147489,0.152002,0.156103,0.159893,0.162782,0.165416,0.167682,0.170232,0.173114,0.176732,0.180721,0.185115,0.189303,0.19334,0.197834,0.203064,0.209949,0.215063,0.221556,0.242714,0.271349,0.308784,0.350921,0.393039,0.439215,0.508621,0.636137,1.09325,1.86652,6.26951,9.99864,9.99864,9.99864,9.99864,9.99864,9.99864,9.99864,9.99864,9.99864,9.99864,9.99864,9.99864,9.99864,9.99864,9.99864,9.99864,9.99864,9.99864,9.99864,9.99864,9.99864,9.99864,9.99864,9.99864,9.99864,9.99864,9.99864,9.99864,9.99864,9.99864,9.99864,9.99864,9.99864,9.99864,,,4.30589,0.131449,

-4.22816,-4.16982,-4.11149,-4.05316,-3.99482,-3.93649,-3.87816,-3.81982,-3.76149,-3.70316,-3.64482,-3.58649,-3.52816,-3.46982,-3.41149,-3.35316,-3.29482,-3.23649,-3.17816,-3.11982,-3.06149,-3.00316,-2.94482,-2.88649,-2.82816,-2.76982,-2.71149,-2.65316,-2.59482,-2.53649,-2.47816,-2.41982,-2.36149,-2.30316,-2.24482,-2.18649,-2.12816,-2.06982,-2.01149,-1.95316,-1.89482,-1.83649,-1.77816,-1.71982,-1.66149,-1.60316,-1.54482,-1.48649,-1.42816,-1.36982,-1.31149,-1.25316,-1.19482,-1.13649,-1.07816,-1.01982,-0.961489,-0.903156,-0.844822,-0.786489,-0.728156,-0.669822,-0.611489,-0.553156,-0.494822,-0.436489,-0.378156,-0.319822,-0.261489,-0.203156,-0.144822,-0.0864889,-0.0281556,0.0301778,0.0885111,0.146844,0.205178,0.263511,0.321844,0.380178,0.438511,0.496844,0.555178,0.613511,0.671844,0.730178,0.788511,0.846844,0.905178,0.963511,1.02184,1.08018,1.13851,1.19684,1.25518,1.31351,1.37184,1.43018,1.48851,1.54684,1.60518,1.66351,1.72184,1.78018,1.83851,1.89684,1.95518,2.01351,2.07184,2.13018,2.18851,2.24684,2.30518,2.36351,2.42184,2.48018,2.53851,2.59684,2.65518,2.71351,2.77184,2.83018,2.88851,2.94684,3.00518,3.06351,3.12184,3.18018,3.23851,3.29684,3.35518,3.41351,3.47184,3.53018,3.58851,3.64684,3.70518,3.76351,3.82184,3.88018,3.93851,3.99684,4.05518,4.11351,
6.12455,6.12455,6.12455,6.12455,6.12455,6.12455,6.12455,6.12455,6.12455,6.12455,6.12455,6.12455,6.12455,6.12455,6.12455,6.12455,6.12455,6.12455,6.12455,6.12455,6.12455,6.12455,6.12455,6.12455,6.12455,6.12455,6.12455,6.12455,6.12455,6.12455,6.12455,6.12455,6.12455,6.12455,6.07221,6.01507,5.95793,5.90078,5.84364,5.78649,5.72935,5.67221,5.61506,5.55792,5.50078,5.45491,5.40919,5.36348,5.31776,5.27204,5.22633,5.18061,5.1349,5.08918,5.04347,4.99832,4.96403,4.92974,4.89546,4.86117,4.82688,4.7926,4.75831,4.72402,4.68974,4.65545,4.61989,4.57418,4.52847,4.48276,4.43705,4.39134,4.34564,4.29993,4.25197,4.22275,4.21282,4.20814,4.20237,4.19767,4.19293,4.18684,4.17744,4.16409,4.14799,4.13026,4.1117,4.09321,4.07575,4.05935,4.04418,4.0298,4.01575,4.00143,3.98591,3.96887,3.94932,3.92763,3.90672,3.8877,3.87015,3.85342,3.83718,3.82223,3.80936,3.7986,3.79149,3.78542,3.77937,3.77345,3.7674,3.76034,3.75275,3.74395,3.73332,3.72123,3.70935,3.69567,3.67941,3.66236,3.64587,3.63652,3.62843,3.61992,3.59964,3.56944,3.55191,3.53547,3.51896,3.50246,3.48598,3.46947,3.453,3.43656,3.38102,3.26125,3.14148,3.0217,2.90193,2.78216,2.66238,2.54261,1.02751,0.000540545,
4.36781e-05,0.00577207,0.0111619,0.0165517,0.0219415,0.0273313,0.0419708,0.0620144,0.0708707,0.0777916,0.0810941,0.0832258,0.08466,0.0854463,0.0861058,0.0865243,0.0868795,0.0871965,0.0873718,0.0875368,0.0876933,0.0878209,0.0879306,0.0880528,0.0881677,0.0882624,0.0883428,0.0884142,0.0885065,0.0885975,0.088682,0.0887632,0.0888424,0.0889745,0.0891029,0.0892127,0.0893884,0.0896073,0.0898098,0.0900384,0.0903404,0.0906763,0.0910349,0.0914223,0.0918471,0.0923705,0.0969704,0.103647,0.113008,0.120013,0.122556,0.124126,0.125162,0.125958,0.126634,0.127201,0.127671,0.128076,0.128405,0.128712,0.129,0.12928,0.129553,0.129777,0.129992,0.130207,0.130389,0.130557,0.130722,0.130893,0.131074,0.131282,0.131514,0.131811,0.132223,0.132894,0.134633,0.137278,0.142299,0.147488,0.152,0.156101,0.159892,0.162781,0.165416,0.167682,0.170231,0.173113,0.17673,0.180719,0.185113,0.189302,0.193339,0.197833,0.203062,0.209947,0.215062,0.221552,0.242705,0.271336,0.308771,0.350907,0.393025,0.439197,0.508589,0.636085,1.09298,1.86626,6.26774,9.99686,9.99686,9.99686,9.99686,9.99686,9.99686,9.99686,9.99686,9.99686,9.99686,9.99686,9.99686,9.99686,9.99686,9.99686,9.99686,9.99686,9.99686,9.99686,9.99686,9.99686,9.99686,9.99686,9.99686,9.99686,9.99686,9.99686,9.99686,9.99686,9.99686,9.99686,9.99686,9.99686,9.99686,9.99686,,,4.30622,0.131768,

-4.28797,-4.22963,-4.1713,-4.11297,-4.05463,-3.9963,-3.93797,-3.87963,-3.8213,-3.76297,-3.70463,-3.6463,-3.58797,-3.52963,-3.4713,-3.41297,-3.35463,-3.2963,-3.23797,-3.17963,-3.1213,-3.06297,-3.00463,-2.9463,-2.88797,-2.82963,-2.7713,-2.71297,-2.65463,-2.5963,-2.53797,-2.47963,-2.4213,-2.36297,-2.30463,-2.2463,-2.18797,-2.12963,-2.0713,-2.01297,-1.95463,-1.8963,-1.83797,-1.77963,-1.7213,-1.66297,-1.60463,-1.5463,-1.48797,-1.42963,-1.3713,-1.31297,-1.25463,-1.1963,-1.13797,-1.07963,-1.0213,-0.962967,-0.904633,-0.8463,-0.787967,-0.729633,-0.6713,-0.612967,-0.554633,-0.4963,-0.437967,-0.379633,-0.3213,-0.262967,-0.204633,-0.1463,-0.0879667,-0.0296333,0.0287,0.0870333,0.145367,0.2037,0.262033,0.320367,0.3787,0.437033,0.495367,0.5537,0.612033,0.670367,0.7287,0.787033,0.845367,0.9037,0.962033,1.02037,1.0787,1.13703,1.19537,1.2537,1.31203,1.37037,1.4287,1.48703,1.54537,1.6037,1.66203,1.72037,1.7787,1.83703,1.89537,1.9537,2.01203,2.07037,2.1287,2.18703,2.24537,2.3037,2.36203,2.42037,2.4787,2.53703,2.59537,2.6537,2.71203,2.77037,2.8287,2.88703,2.94537,3.0037,3.06203,3.12037,3.1787,3.23703,3.29537,3.3537,3.41203,3.47037,3.5287,3.58703,3.64537,3.7037,3.76203,3.82037,3.8787,3.93703,3.99537,4.0537,4.11203,
6.12456,6.12456,6.12456,6.12456,6.12456,6.12456,6.12456,6.12456,6.12456,6.12456,6.12456,6.12456,6.12456,6.12456,6.12456,6.12456,6.12456,6.12456,6.12456,6.12456,6.12456,6.12456,6.12456,6.12456,6.12456,6.12456,6.12456,6.12456,6.12456,6.12456,6.12456,6.12456,6.12456,6.12456,6.12456,6.07406,6.01691,5.95977,5.90262,5.84548,5.78834,5.73119,5.67405,5.61691,5.55976,5.50262,5.45638,5.41066,5.36495,5.31923,5.27352,5.2278,5.18209,5.13637,5.09066,5.04494,4.99942,4.96513,4.93085,4.89656,4.86228,4.82799,4.7937,4.75942,4.72513,4.69084,4.65656,4.62136,4.57565,4.52994,4.48424,4.43853,4.39282,4.34711,4.3014,4.25363,4.22319,4.21305,4.20836,4.20252,4.19782,4.19309,4.1871,4.17778,4.16457,4.14855,4.13084,4.1123,4.09378,4.0763,4.05985,4.04466,4.03024,4.0162,4.0019,3.98642,3.96948,3.94997,3.92834,3.90736,3.88829,3.8707,3.85396,3.83768,3.82268,3.80972,3.79893,3.79169,3.78562,3.77955,3.77365,3.76761,3.76057,3.75302,3.74424,3.73368,3.72161,3.70974,3.69616,3.67993,3.66294,3.64626,3.63679,3.62868,3.62027,3.60078,3.57022,3.55244,3.536,3.5195,3.50299,3.48651,3.47,3.45353,3.4371,3.38488,3.26511,3.14534,3.02557,2.90579,2.78602,2.66625,2.54647,1.10121,0.00110253,
4.51435e-05,0.00577354,0.0111633,0.0165532,0.021943,0.0273328,0.0419762,0.0620198,0.070873,0.0777925,0.081095,0.0832262,0.0846604,0.0854465,0.0861059,0.0865244,0.0868796,0.0871966,0.0873718,0.0875369,0.0876934,0.0878209,0.0879306,0.0880528,0.0881677,0.0882625,0.0883428,0.0884142,0.0885065,0.0885976,0.088682,0.0887633,0.0888424,0.0889746,0.089103,0.0892127,0.0893885,0.0896073,0.0898099,0.0900385,0.0903405,0.0906764,0.091035,0.0914224,0.0918473,0.0923707,0.0969721,0.103649,0.113011,0.120014,0.122556,0.124126,0.125163,0.125958,0.126635,0.127201,0.127671,0.128076,0.128405,0.128712,0.129,0.12928,0.129553,0.129778,0.129992,0.130207,0.130389,0.130557,0.130722,0.130893,0.131075,0.131282,0.131514,0.131811,0.132224,0.132894,0.134633,0.137279,0.142301,0.147489,0.152001,0.156102,0.159892,0.162782,0.165416,0.167682,0.170232,0.173114,0.176731,0.18072,0.185114,0.189303,0.19334,0.197834,0.203063,0.209949,0.215063,0.221555,0.242712,0.271346,0.308781,0.350918,0.393036,0.439211,0.508614,0.636126,1.09319,1.86647,6.26914,9.99826,9.99826,9.99826,9.99826,9.99826,9.99826,9.99826,9.99826,9.99826,9.99826,9.99826,9.99826,9.99826,9.99826,9.99826,9.99826,9.99826,9.99826,9.99826,9.99826,9.99826,9.99826,9.99826,9.99826,9.99826,9.99826,9.99826,9.99826,9.99826,9.99826,9.99826,9.99826,9.99826,9.99826,9.99826,9.99826,,,4.3066,0.13216,

-4.34319,-4.28486,-4.22652,-4.16819,-4.10986,-4.05152,-3.99319,-3.93486,-3.87652,-3.81819,-3.75986,-3.70152,-3.64319,-3.58486,-3.52652,-3.46819,-3.40986,-3.35152,-3.29319,-3.23486,-3.17652,-3.11819,-3.05986,-3.00152,-2.94319,-2.88486,-2.82652,-2.76819,-2.70986,-2.65152,-2.59319,-2.53486,-2.47652,-2.41819,-2.35986,-2.30152,-2.24319,-2.18486,-2.12652,-2.06819,-2.00986,-1.95152,-1.89319,-1.83486,-1.77652,-1.71819,-1.65986,-1.60152,-1.54319,-1.48486,-1.42652,-1.36819,-1.30986,-1.25152,-1.19319,-1.13486,-1.07652,-1.01819,-0.959856,-0.901522,-0.843189,-0.784856,-0.726522,-0.668189,-0.609856,-0.551522,-0.493189,-0.434856,-0.376522,-0.318189,-0.259856,-0.201522,-0.143189,-0.0848556,-0.0265222,0.0318111,0.0901444,0.148478,0.206811,0.265144,0.323478,0.381811,0.440144,0.498478,0.556811,0.615144,0.673478,0.731811,0.790144,0.848478,0.906811,0.965144,1.02348,1.08181,1.14014,1.19848,1.25681,1.31514,1.37348,1.43181,1.49014,1.54848,1.60681,1.66514,1.72348,1.78181,1.84014,1.89848,1.95681,2.01514,2.07348,2.13181,2.19014,2.24848,2.30681,2.36514,2.42348,2.48181,2.54014,2.59848,2.65681,2.71514,2.77348,2.83181,2.89014,2.94848,3.00681,3.06514,3.12348,3.18181,3.24014,3.29848,3.35681,3.41514,3.47348,3.53181,3.59014,3.64848,3.70681,3.76514,3.82348,3.88181,3.94014,3.99848,4.05681,4.11514,
6.12454,6.12454,6.12454,6.12454,6.12454,6.12454,6.12454,6.12454,6.12454,6.12454,6.12454,6.12454,6.12454,6.12454,6.12454,6.12454,6.12454,6.12454,6.12454,6.12454,6.12454,6.12454,6.12454,6.12454,6.12454,6.12454,6.12454,6.12454,6.12454,6.12454,6.12454,6.12454,6.12454,6.12454,6.12454,6.12454,6.07167,6.01453,5.95739,5.90024,5.8431,5.78595,5.72881,5.67167,5.61452,5.55738,5.50024,5.45447,5.40876,5.36304,5.31733,5.27161,5.2259,5.18018,5.13447,5.08875,5.04304,4.99799,4.9637,4.92942,4.89513,4.86085,4.82656,4.79227,4.75799,4.7237,4.68941,4.65513,4.61946,4.57375,4.52804,4.48233,4.43662,4.39091,4.3452,4.2995,4.25148,4.22262,4.21276,4.20808,4.20233,4.19762,4.19288,4.18677,4.17734,4.16395,4.14782,4.13009,4.11153,4.09304,4.07559,4.0592,4.04404,4.02967,4.01562,4.0013,3.98576,3.9687,3.94913,3.92743,3.90653,3.88753,3.86999,3.85326,3.83703,3.82209,3.80925,3.7985,3.79143,3.78536,3.77931,3.7734,3.76733,3.76027,3.75267,3.74386,3.73322,3.72111,3.70924,3.69552,3.67926,3.66219,3.64576,3.63644,3.62836,3.61982,3.5993,3.56921,3.55176,3.53531,3.51881,3.50231,3.48582,3.46932,3.45285,3.43641,3.37989,3.26012,3.14035,3.02057,2.9008,2.78103,2.66125,2.54148,1.00594,0.000298386,
4.24486e-05,0.00577085,0.0111607,0.0165505,0.0219403,0.0273301,0.0419662,0.0620098,0.0708688,0.0777908,0.0810934,0.0832255,0.0846597,0.0854461,0.0861057,0.0865242,0.0868795,0.0871965,0.0873718,0.0875368,0.0876933,0.0878209,0.0879306,0.0880528,0.0881677,0.0882624,0.0883428,0.0884142,0.0885065,0.0885975,0.088682,0.0887632,0.0888424,0.0889745,0.0891029,0.0892126,0.0893884,0.0896072,0.0898098,0.0900383,0.0903403,0.0906763,0.0910348,0.0914222,0.091847,0.0923704,0.096969,0.103645,0.113006,0.120013,0.122555,0.124125,0.125162,0.125957,0.126634,0.127201,0.127671,0.128075,0.128405,0.128712,0.129,0.12928,0.129553,0.129777,0.129992,0.130206,0.130389,0.130557,0.130722,0.130893,0.131074,0.131282,0.131514,0.131811,0.132223,0.132893,0.134632,0.137277,0.142298,0.147487,0.151999,0.1561,0.159891,0.16278,0.165415,0.167681,0.170231,0.173112,0.176729,0.180718,0.185112,0.189301,0.193338,0.197832,0.20306,0.209945,0.215061,0.22155,0.242699,0.271328,0.308762,0.350897,0.393015,0.439185,0.508567,0.63605,1.09281,1.86608,6.26656,9.99568,9.99568,9.99568,9.99568,9.99568,9.99568,9.99568,9.99568,9.99568,9.99568,9.99568,9.99568,9.99568,9.99568,9.99568,9.99568,9.99568,9.99568,9.99568,9.99568,9.99568,9.99568,9.99568,9.99568,9.99568,9.99568,9.99568,9.99568,9.99568,9.99568,9.99568,9.99568,9.99568,9.99568,9.99568,9.99568,9.99568,,,4.30716,0.132769,

-4.39382,-4.33549,-4.27716,-4.21882,-4.16049,-4.10216,-4.04382,-3.98549,-3.92716,-3.86882,-3.81049,-3.75216,-3.69382,-3.63549,-3.57716,-3.51882,-3.46049,-3.40216,-3.34382,-3.28549,-3.22716,-3.16882,-3.11049,-3.05216,-2.99382,-2.93549,-2.87716,-2.81882,-2.76049,-2.70216,-2.64382,-2.58549,-2.52716,-2.46882,-2.41049,-2.35216,-2.29382,-2.23549,-2.17716,-2.11882,-2.06049,-2.00216,-1.94382,-1.88549,-1.82716,-1.76882,-1.71049,-1.65216,-1.59382,-1.53549,-1.47716,-1.41882,-1.36049,-1.30216,-1.24382,-1.18549,-1.12716,-1.06882,-1.01049,-0.952156,-0.893822,-0.835489,-0.777156,-0.718822,-0.660489,-0.602156,-0.543822,-0.485489,-0.427156,-0.368822,-0.310489,-0.252156,-0.193822,-0.135489,-0.0771556,-0.0188222,0.0395111,0.0978444,0.156178,0.214511,0.272844,0.331178,0.389511,0.447844,0.506178,0.564511,0.622844,0.681178,0.739511,0.797844,0.856178,0.914511,0.972844,1.03118,1.08951,1.14784,1.20618,1.26451,1.32284,1.38118,1.43951,1.49784,1.55618,1.61451,1.67284,1.73118,1.78951,1.84784,1.90618,1.96451,2.02284,2.08118,2.13951,2.19784,2.25618,2.31451,2.37284,2.43118,2.48951,2.54784,2.60618,2.66451,2.72284,2.78118,2.83951,2.89784,2.95618,3.01451,3.07284,3.13118,3.18951,3.24784,3.30618,3.36451,3.42284,3.48118,3.53951,3.59784,3.65618,3.71451,3.77284,3.83118,3.88951,3.94784,4.00618,4.06451,4.12284,
6.12454,6.12454,6.12454,6.12454,6.12454,6.12454,6.12454,6.12454,6.12454,6.12454,6.12454,6.12454,6.12454,6.12454,6.12454,6.12454,6.12454,6.12454,6.12454,6.12454,6.12454,6.12454,6.12454,6.12454,6.12454,6.12454,6.12454,6.12454,6.12454,6.12454,6.12454,6.12454,6.12454,6.12454,6.12454,6.12454,6.12454,6.06489,6.00775,5.9506,5.89346,5.83632,5.77917,5.72203,5.66489,5.60774,5.5506,5.49476,5.44905,5.40333,5.35762,5.3119,5.26619,5.22047,5.17476,5.12904,5.08333,5.03761,4.99392,4.95964,4.92535,4.89106,4.85678,4.82249,4.7882,4.75392,4.71963,4.68534,4.65106,4.61403,4.56832,4.52261,4.47691,4.4312,4.38549,4.33978,4.29407,4.24535,4.22102,4.21223,4.20728,4.20178,4.19706,4.19229,4.18581,4.17601,4.16217,4.14574,4.12796,4.10931,4.09093,4.07357,4.05734,4.04228,4.02805,4.01396,3.99948,3.98388,3.96646,3.94661,3.92484,3.90418,3.88539,3.86795,3.85127,3.83518,3.82041,3.80792,3.79729,3.79069,3.78462,3.77863,3.77269,3.76651,3.75941,3.75167,3.74263,3.7319,3.7197,3.70775,3.6937,3.67734,3.66004,3.64433,3.63544,3.62744,3.61855,3.59509,3.56634,3.54982,3.53335,3.51685,3.50035,3.48386,3.46736,3.45091,3.43445,3.36568,3.2459,3.12613,3.00636,2.88659,2.76681,2.64704,2.52727,0.734677,0.000271468,
4.27274e-05,0.00577112,0.0111609,0.0165507,0.0219406,0.0273304,0.0419673,0.0620108,0.0708692,0.077791,0.0810935,0.0832255,0.0846598,0.0854461,0.0861057,0.0865242,0.0868795,0.0871965,0.0873718,0.0875368,0.0876933,0.0878209,0.0879306,0.0880528,0.0881677,0.0882624,0.0883428,0.0884142,0.0885065,0.0885975,0.088682,0.0887632,0.0888424,0.0889745,0.0891029,0.0892127,0.0893884,0.0896072,0.0898098,0.0900383,0.0903403,0.0906763,0.0910348,0.0914222,0.091847,0.0923705,0.0969693,0.103645,0.113006,0.120013,0.122555,0.124125,0.125162,0.125957,0.126634,0.127201,0.127671,0.128076,0.128405,0.128712,0.129,0.12928,0.129553,0.129777,0.129992,0.130206,0.130389,0.130557,0.130722,0.130893,0.131074,0.131282,0.131514,0.131811,0.132223,0.132893,0.134632,0.137277,0.142298,0.147487,0.151999,0.156101,0.159891,0.162781,0.165415,0.167681,0.170231,0.173112,0.17673,0.180718,0.185112,0.189301,0.193338,0.197832,0.203061,0.209946,0.215062,0.22155,0.2427,0.27133,0.308764,0.350899,0.393017,0.439188,0.508572,0.636058,1.09285,1.86612,6.26683,9.99595,9.99595,9.99595,9.99595,9.99595,9.99595,9.99595,9.99595,9.99595,9.99595,9.99595,9.99595,9.99595,9.99595,9.99595,9.99595,9.99595,9.99595,9.99595,9.99595,9.99595,9.99595,9.99595,9.99595,9.99595,9.99595,9.99595,9.99595,9.99595,9.99595,9.99595,9.99595,9.99595,9.99595,9.99595,9.99595,9.99595,9.99595,,,4.30832,0.133913,

-4.43886,-4.38052,-4.32219,-4.26386,-4.20552,-4.14719,-4.08886,-4.03052,-3.97219,-3.91386,-3.85552,-3.79719,-3.73886,-3.68052,-3.62219,-3.56386,-3.50552,-3.44719,-3.38886,-3.33052,-3.27219,-3.21386,-3.15552,-3.09719,-3.03886,-2.98052,-2.92219,-2.86386,-2.80552,-2.74719,-2.68886,-2.63052,-2.57219,-2.51386,-2.45552,-2.39719,-2.33886,-2.28052,-2.22219,-2.16386,-2.10552,-2.04719,-1.98886,-1.93052,-1.87219,-1.81386,-1.75552,-1.69719,-1.63886,-1.58052,-1.52219,-1.46386,-1.40552,-1.34719,-1.28886,-1.23052,-1.17219,-1.11386,-1.05552,-0.997189,-0.938856,-0.880522,-0.822189,-0.763856,-0.705522,-0.647189,-0.588856,-0.530522,-0.472189,-0.413856,-0.355522,-0.297189,-0.238856,-0.180522,-0.122189,-0.0638556,-0.00552222,0.0528111,0.111144,0.169478,0.227811,0.286144,0.344478,0.402811,0.461144,0.519478,0.577811,0.636144,0.694478,0.752811,0.811144,0.869478,0.927811,0.986144,1.04448,1.10281,1.16114,1.21948,1.27781,1.33614,1.39448,1.45281,1.51114,1.56948,1.62781,1.68614,1.74448,1.80281,1.86114,1.91948,1.97781,2.03614,2.09448,2.15281,2.21114,2.26948,2.32781,2.38614,2.44448,2.50281,2.56114,2.61948,2.67781,2.73614,2.79448,2.85281,2.91114,2.96948,3.02781,3.08614,3.14448,3.20281,3.26114,3.31948,3.37781,3.43614,3.49448,3.55281,3.61114,3.66948,3.72781,3.78614,3.84448,3.90281,3.96114,4.01948,4.07781,4.13614,
6.12458,6.12458,6.12458,6.12458,6.12458,6.12458,6.12458,6.12458,6.12458,6.12458,6.12458,6.12458,6.12458,6.12458,6.12458,6.12458,6.12458,6.12458,6.12458,6.12458,6.12458,6.12458,6.12458,6.12458,6.12458,6.12458,6.12458,6.12458,6.12458,6.12458,6.12458,6.12458,6.12458,6.12458,6.12458,6.12458,6.12458,6.11111,6.05396,5.99682,5.93967,5.88253,5.82539,5.76824,5.7111,5.65396,5.59681,5.53967,5.48602,5.4403,5.39459,5.34887,5.30316,5.25744,5.21173,5.16601,5.1203,5.07458,5.02887,4.98736,4.95308,4.91879,4.88451,4.85022,4.81593,4.78165,4.74736,4.71307,4.67879,4.6445,4.60529,4.55958,4.51387,4.46816,4.42245,4.37674,4.33104,4.28533,4.2379,4.21843,4.2116,4.20605,4.2009,4.19618,4.1913,4.18426,4.17352,4.15929,4.1424,4.12439,4.10574,4.08752,4.07039,4.05434,4.03944,4.02537,4.01127,3.99654,3.98074,3.96286,3.94245,3.92074,3.90039,3.88201,3.86469,3.84805,3.83228,3.81769,3.80577,3.79596,3.78949,3.78342,3.7775,3.77156,3.76518,3.758,3.75006,3.74065,3.72965,3.71743,3.70529,3.69069,3.67424,3.65647,3.64214,3.63383,3.62599,3.61649,3.5883,3.5631,3.5467,3.5302,3.51369,3.49719,3.4807,3.4642,3.44778,3.43129,3.34277,3.22299,3.10322,2.98345,2.86368,2.7439,2.62413,2.50436,0.297498,0.00192711,
4.72064e-05,0.0057756,0.0111654,0.0165552,0.021945,0.0273348,0.0419839,0.0620275,0.0708762,0.0777937,0.0810963,0.0832267,0.0846609,0.0854468,0.0861061,0.0865246,0.0868798,0.0871967,0.0873719,0.0875369,0.0876934,0.087821,0.0879307,0.0880529,0.0881678,0.0882625,0.0883429,0.0884142,0.0885066,0.0885976,0.0886821,0.0887633,0.0888424,0.0889746,0.089103,0.0892127,0.0893886,0.0896074,0.08981,0.0900386,0.0903406,0.0906766,0.0910351,0.0914225,0.0918475,0.0923709,0.0969745,0.103652,0.113014,0.120015,0.122557,0.124126,0.125163,0.125958,0.126635,0.127201,0.127671,0.128076,0.128405,0.128712,0.129,0.12928,0.129553,0.129778,0.129992,0.130207,0.130389,0.130557,0.130722,0.130893,0.131075,0.131282,0.131514,0.131811,0.132224,0.132894,0.134634,0.13728,0.142303,0.147491,0.152003,0.156104,0.159893,0.162783,0.165417,0.167683,0.170233,0.173115,0.176733,0.180722,0.185116,0.189304,0.193342,0.197836,0.203065,0.209952,0.215064,0.221559,0.242722,0.27136,0.308797,0.350935,0.393053,0.439231,0.50865,0.636184,1.09349,1.86676,6.27111,9.99336,9.99336,9.99336,9.99336,9.99336,9.99336,9.99336,9.99336,9.99336,9.99336,9.99336,9.99336,9.99336,9.99336,9.99336,9.99336,9.99336,9.99336,9.99336,9.99336,9.99336,9.99336,9.99336,9.99336,9.99336,9.99336,9.99336,9.99336,9.99336,9.99336,9.99336,9.99336,9.99336,9.99336,9.99336,9.99336,9.99336,9.99336,9.99336,,,4.31013,0.135749,

-4.47992,-4.42159,-4.36326,-4.30492,-4.24659,-4.18826,-4.12992,-4.07159,-4.01326,-3.95492,-3.89659,-3.83826,-3.77992,-3.72159,-3.66326,-3.60492,-3.54659,-3.48826,-3.42992,-3.37159,-3.31326,-3.25492,-3.19659,-3.13826,-3.07992,-3.02159,-2.96326,-2.90492,-2.84659,-2.78826,-2.72992,-2.67159,-2.61326,-2.55492,-2.49659,-2.43826,-2.37992,-2.32159,-2.26326,-2.20492,-2.14659,-2.08826,-2.02992,-1.97159,-1.91326,-1.85492,-1.79659,-1.73826,-1.67992,-1.62159,-1.56326,-1.50492,-1.44659,-1.38826,-1.32992,-1.27159,-1.21326,-1.15492,-1.09659,-1.03826,-0.979922,-0.921589,-0.863256,-0.804922,-0.746589,-0.688256,-0.629922,-0.571589,-0.513256,-0.454922,-0.396589,-0.338256,-0.279922,-0.221589,-0.163256,-0.104922,-0.0465889,0.0117444,0.0700778,0.128411,0.186744,0.245078,0.303411,0.361744,0.420078,0.478411,0.536744,0.595078,0.653411,0.711744,0.770078,0.828411,0.886744,0.945078,1.00341,1.06174,1.12008,1.17841,1.23674,1.29508,1.35341,1.41174,1.47008,1.52841,1.58674,1.64508,1.70341,1.76174,1.82008,1.87841,1.93674,1.99508,2.05341,2.11174,2.17008,2.22841,2.28674,2.34508,2.40341,2.46174,2.52008,2.57841,2.63674,2.69508,2.75341,2.81174,2.87008,2.92841,2.98674,3.04508,3.10341,3.16174,3.22008,3.27841,3.33674,3.39508,3.45341,3.51174,3.57008,3.62841,3.68674,3.74508,3.80341,3.86174,3.92008,3.97841,4.03674,4.09508,
6.12457,6.12457,6.12457,6.12457,6.12457,6.12457,6.12457,6.12457,6.12457,6.12457,6.12457,6.12457,6.12457,6.12457,6.12457,6.12457,6.12457,6.12457,6.12457,6.12457,6.12457,6.12457,6.12457,6.12457,6.12457,6.12457,6.12457,6.12457,6.12457,6.12457,6.12457,6.12457,6.12457,6.12457,6.12457,6.12457,6.12457,6.12457,6.09646,6.03932,5.98217,5.92503,5.86789,5.81074,5.7536,5.69646,5.63931,5.58217,5.52502,5.4743,5.42859,5.38287,5.33716,5.29144,5.24573,5.20001,5.1543,5.10858,5.06287,5.01715,4.97858,4.94429,4.91001,4.87572,4.84143,4.80715,4.77286,4.73857,4.70429,4.67,4.63571,4.59357,4.54787,4.50216,4.45645,4.41074,4.36503,4.31932,4.27361,4.23147,4.21584,4.21075,4.20462,4.1997,4.19499,4.1897,4.18199,4.17019,4.15506,4.13789,4.11961,4.10101,4.08296,4.06616,4.05048,4.03563,4.02174,4.0076,3.99261,3.97639,3.95786,3.93687,3.91541,3.89547,3.87748,3.86046,3.84383,3.82839,3.81452,3.80294,3.79423,3.78796,3.78182,3.77598,3.77,3.76341,3.7561,3.7478,3.73798,3.72644,3.71439,3.70199,3.68642,3.66993,3.65169,3.64003,3.63172,3.62404,3.61049,3.57972,3.55888,3.54247,3.52597,3.50946,3.49297,3.47648,3.45997,3.44357,3.42706,3.31207,3.1923,3.07253,2.95276,2.83298,2.71321,2.59344,1.99743,0.00132431,
4.10888e-05,0.00576948,0.0111593,0.0165491,0.0219389,0.0273287,0.0419612,0.0620048,0.0708666,0.07779,0.0810925,0.0832251,0.0846593,0.0854459,0.0861056,0.0865241,0.0868794,0.0871964,0.0873717,0.0875368,0.0876933,0.0878208,0.0879306,0.0880527,0.0881677,0.0882624,0.0883428,0.0884141,0.0885065,0.0885975,0.088682,0.0887632,0.0888424,0.0889745,0.0891029,0.0892126,0.0893883,0.0896072,0.0898097,0.0900382,0.0903402,0.0906762,0.0910347,0.0914221,0.0918469,0.0923703,0.0969674,0.103642,0.113003,0.120012,0.122555,0.124125,0.125162,0.125957,0.126634,0.1272,0.127671,0.128075,0.128405,0.128712,0.129,0.129279,0.129553,0.129777,0.129992,0.130206,0.130388,0.130557,0.130722,0.130893,0.131074,0.131282,0.131514,0.131811,0.132223,0.132893,0.134632,0.137277,0.142297,0.147486,0.151998,0.1561,0.15989,0.16278,0.165415,0.16768,0.17023,0.173111,0.176728,0.180717,0.185111,0.1893,0.193337,0.197831,0.203059,0.209944,0.215061,0.221547,0.242693,0.271319,0.308752,0.350886,0.393004,0.439173,0.508543,0.636012,1.09261,1.86589,6.26526,9.99438,9.99438,9.99438,9.99438,9.99438,9.99438,9.99438,9.99438,9.99438,9.99438,9.99438,9.99438,9.99438,9.99438,9.99438,9.99438,9.99438,9.99438,9.99438,9.99438,9.99438,9.99438,9.99438,9.99438,9.99438,9.99438,9.99438,9.99438,9.99438,9.99438,9.99438,9.99438,9.99438,9.99438,9.99438,9.99438,9.99438,9.99438,9.99438,,,4.31211,0.137734,

